merchant_id,merchant_name,mcc,country,risk_tier
m_00000,Olson-Alexander,5411,IN,HIGH
m_00001,Chang-Perry,5732,US,HIGH
m_00002,"Sweeney, Klein and Miller",5812,IN,LOW
m_00003,Schwartz LLC,5541,IN,HIGH
m_00004,Davis-Barrett,5311,IN,HIGH
m_00005,Moore-Cruz,5411,US,LOW
m_00006,Thomas Ltd,5541,SG,LOW
m_00007,"Jackson, Bryant and Scott",5541,US,LOW
m_00008,Harris and Sons,5541,DE,HIGH
m_00009,Hines and Sons,5311,SG,LOW
m_00010,Anderson-Mason,5411,US,MEDIUM
m_00011,Holt-Lee,5311,GB,HIGH
m_00012,"Alvarez, Spencer and Ford",5812,US,MEDIUM
m_00013,Gonzalez-Cox,5411,IN,MEDIUM
m_00014,Wilkins Ltd,5411,GB,MEDIUM
m_00015,Meza and Sons,5541,GB,MEDIUM
m_00016,Clay Inc,5311,SG,LOW
m_00017,King LLC,5311,IN,LOW
m_00018,Williams Inc,5732,SG,HIGH
m_00019,Singleton Group,5541,US,MEDIUM
m_00020,Chavez-Miller,5411,IN,HIGH
m_00021,Murray PLC,5812,GB,HIGH
m_00022,Raymond-Knapp,5812,IN,LOW
m_00023,Foster PLC,5732,DE,MEDIUM
m_00024,"Thompson, Bonilla and Stevens",5732,US,HIGH
m_00025,"Rodriguez, Roberts and Figueroa",5732,US,MEDIUM
m_00026,"Kim, Hansen and Ramirez",5732,IN,HIGH
m_00027,"Mercado, Willis and Yang",5812,SG,HIGH
m_00028,Anderson LLC,5812,US,HIGH
m_00029,Williams Inc,5311,GB,MEDIUM
m_00030,Ingram-Byrd,5541,US,HIGH
m_00031,Liu Group,5732,IN,HIGH
m_00032,Calderon-Stanton,5411,GB,LOW
m_00033,Washington and Sons,5732,IN,MEDIUM
m_00034,"Montgomery, Adams and Ballard",5541,GB,LOW
m_00035,"Brown, Harris and Ortiz",5311,DE,LOW
m_00036,Brewer Ltd,5311,US,HIGH
m_00037,"Burton, Lopez and Carter",5812,US,MEDIUM
m_00038,"Lewis, Mccoy and Ramirez",5541,SG,HIGH
m_00039,Choi-Valencia,5541,DE,MEDIUM
m_00040,Cox-Robinson,5311,GB,HIGH
m_00041,Rodriguez-Fox,5812,SG,LOW
m_00042,Powell Ltd,5411,IN,MEDIUM
m_00043,Smith LLC,5812,US,LOW
m_00044,"Moore, Gonzales and Miller",5311,SG,HIGH
m_00045,Johnson LLC,5311,DE,LOW
m_00046,Davis-Mclaughlin,5311,SG,HIGH
m_00047,"Smith, Terry and Williams",5541,IN,MEDIUM
m_00048,Harrison-Brown,5411,SG,HIGH
m_00049,Bowman PLC,5732,IN,MEDIUM
m_00050,Skinner-Thomas,5311,US,MEDIUM
m_00051,Holmes-Lloyd,5411,GB,MEDIUM
m_00052,"Brooks, Guzman and Gonzalez",5812,SG,HIGH
m_00053,Long-Hall,5732,SG,LOW
m_00054,Mason PLC,5812,US,HIGH
m_00055,"Schwartz, Anderson and Jackson",5812,SG,MEDIUM
m_00056,Brooks-Burns,5411,SG,HIGH
m_00057,Cook-Garcia,5311,IN,MEDIUM
m_00058,Rogers PLC,5732,GB,LOW
m_00059,Williams-Scott,5411,US,LOW
m_00060,Brown-Farley,5411,IN,HIGH
m_00061,"Anderson, Cox and Charles",5311,IN,HIGH
m_00062,Brown Ltd,5812,US,HIGH
m_00063,"Robinson, Harris and Neal",5311,SG,HIGH
m_00064,"Stuart, Pace and Chang",5732,SG,LOW
m_00065,Davis LLC,5311,US,HIGH
m_00066,Dunn-Guerrero,5812,GB,HIGH
m_00067,Allen-Wilson,5732,DE,MEDIUM
m_00068,Buck Group,5311,IN,HIGH
m_00069,Mathews-Bates,5812,IN,LOW
m_00070,Campos-Mitchell,5411,SG,MEDIUM
m_00071,"Mcdaniel, Rice and Jones",5812,SG,HIGH
m_00072,Nash Ltd,5411,IN,LOW
m_00073,Bass and Sons,5411,US,HIGH
m_00074,Sanchez Group,5411,GB,LOW
m_00075,Davis Group,5541,US,LOW
m_00076,Orr-Williams,5311,US,MEDIUM
m_00077,Marshall-Chan,5812,SG,HIGH
m_00078,"Rogers, Allen and Jones",5311,US,HIGH
m_00079,Taylor Ltd,5311,US,MEDIUM
m_00080,Vaughan Ltd,5411,DE,LOW
m_00081,Wall Group,5311,DE,MEDIUM
m_00082,Lawrence-Parrish,5411,IN,MEDIUM
m_00083,Wilson Inc,5311,GB,LOW
m_00084,Ortiz-Thomas,5812,US,LOW
m_00085,Carroll and Sons,5541,DE,LOW
m_00086,Smith and Sons,5311,US,LOW
m_00087,"Ross, Johnson and Hicks",5311,US,MEDIUM
m_00088,Edwards-Bowman,5311,SG,LOW
m_00089,Snyder-Romero,5411,SG,LOW
m_00090,"King, Simmons and Brown",5411,US,LOW
m_00091,Meyer-Williams,5311,DE,LOW
m_00092,Reid PLC,5812,DE,MEDIUM
m_00093,"Cardenas, Garcia and Nguyen",5812,DE,LOW
m_00094,Castillo-Kirby,5311,GB,LOW
m_00095,Willis Ltd,5732,DE,MEDIUM
m_00096,Daniels-Mcdaniel,5541,DE,HIGH
m_00097,Scott-Weaver,5812,GB,LOW
m_00098,Wilson and Sons,5411,SG,LOW
m_00099,Edwards and Sons,5541,IN,HIGH
m_00100,Hale-Mills,5732,IN,HIGH
m_00101,"Hughes, Nichols and Ward",5541,DE,LOW
m_00102,"Frost, Barnes and Hill",5541,US,HIGH
m_00103,Lucas-Francis,5541,IN,LOW
m_00104,Hernandez-Lee,5411,SG,LOW
m_00105,Brooks PLC,5812,DE,LOW
m_00106,Cunningham Inc,5541,US,LOW
m_00107,Neal Group,5541,IN,HIGH
m_00108,"Williams, Jones and Harper",5411,DE,HIGH
m_00109,"Harmon, Moss and Lynch",5541,SG,HIGH
m_00110,Henson Group,5732,GB,HIGH
m_00111,Davis PLC,5732,US,LOW
m_00112,"Rich, Wilson and Montgomery",5311,US,MEDIUM
m_00113,Boyd-Smith,5732,DE,HIGH
m_00114,"Henry, Copeland and Brown",5411,IN,MEDIUM
m_00115,Brown PLC,5541,SG,MEDIUM
m_00116,"Leonard, Duke and Mccarthy",5411,SG,LOW
m_00117,Brewer-Butler,5541,GB,LOW
m_00118,Conley-Noble,5732,IN,LOW
m_00119,"Mclean, Mccarthy and Flores",5732,GB,LOW
m_00120,Richards-Walter,5311,SG,LOW
m_00121,Hughes-Gonzalez,5732,SG,HIGH
m_00122,Barajas-Rice,5541,IN,HIGH
m_00123,"Collins, Gordon and George",5541,GB,HIGH
m_00124,"Thomas, Harding and Mckenzie",5411,US,HIGH
m_00125,"Copeland, Hall and Harvey",5411,IN,MEDIUM
m_00126,Bowers-Braun,5541,US,HIGH
m_00127,"Riddle, Flores and Brown",5732,SG,MEDIUM
m_00128,"Howard, King and Mack",5732,US,LOW
m_00129,"Johnson, Stewart and Williams",5732,SG,HIGH
m_00130,Miller and Sons,5732,IN,MEDIUM
m_00131,Anderson PLC,5311,GB,LOW
m_00132,"Miller, Rose and Johnson",5411,GB,LOW
m_00133,Stephens-Lewis,5732,US,LOW
m_00134,"Cervantes, Cuevas and Harrell",5311,SG,HIGH
m_00135,Johnson-Williamson,5311,SG,HIGH
m_00136,Soto-Chapman,5411,IN,LOW
m_00137,"Burgess, Hill and Miller",5812,SG,HIGH
m_00138,"Adams, Arnold and Crawford",5732,SG,LOW
m_00139,Hernandez-Smith,5812,DE,HIGH
m_00140,Hayden-Foster,5411,GB,LOW
m_00141,Vaughn and Sons,5411,GB,MEDIUM
m_00142,Short-Johnson,5812,IN,LOW
m_00143,Logan-Price,5541,DE,MEDIUM
m_00144,Flores-Moyer,5812,US,HIGH
m_00145,"Torres, Gardner and Case",5812,DE,LOW
m_00146,Simmons PLC,5812,GB,LOW
m_00147,Johnson LLC,5812,GB,MEDIUM
m_00148,Washington-Berger,5411,DE,LOW
m_00149,Castillo LLC,5311,US,LOW
m_00150,Bullock-Brewer,5311,GB,LOW
m_00151,Blake-Brown,5812,US,MEDIUM
m_00152,Payne and Sons,5812,DE,LOW
m_00153,"Clay, Martin and Harrison",5732,IN,MEDIUM
m_00154,"Potter, Herman and Garcia",5732,SG,MEDIUM
m_00155,Griffin-Knox,5541,GB,MEDIUM
m_00156,James Group,5411,GB,LOW
m_00157,Grimes Ltd,5541,GB,LOW
m_00158,Barr-Bailey,5411,SG,LOW
m_00159,Pena-Anthony,5732,GB,MEDIUM
m_00160,"Mclaughlin, Harris and Gill",5541,SG,MEDIUM
m_00161,Davis Group,5311,SG,LOW
m_00162,Garrett-Alvarez,5732,IN,LOW
m_00163,Gonzalez and Sons,5311,IN,HIGH
m_00164,Guerra PLC,5541,US,HIGH
m_00165,"Drake, Hernandez and Lopez",5311,IN,MEDIUM
m_00166,"Cruz, Poole and Harris",5732,SG,HIGH
m_00167,Hernandez Inc,5411,GB,MEDIUM
m_00168,Reyes PLC,5732,DE,HIGH
m_00169,"Moran, Wright and Moore",5311,GB,MEDIUM
m_00170,Schmidt-White,5812,US,HIGH
m_00171,"Hamilton, Caldwell and Dean",5311,US,MEDIUM
m_00172,Livingston-Jensen,5541,GB,HIGH
m_00173,Forbes-Rose,5541,IN,MEDIUM
m_00174,Richards Group,5732,US,MEDIUM
m_00175,"Jacobs, Foley and Wilson",5541,SG,MEDIUM
m_00176,Clark Ltd,5732,DE,HIGH
m_00177,Smith PLC,5311,US,MEDIUM
m_00178,Bass-Kim,5311,US,HIGH
m_00179,"Andrews, Rice and Robinson",5411,GB,HIGH
m_00180,"Kelley, Clayton and Roberts",5541,GB,HIGH
m_00181,Mendez-Hicks,5812,GB,LOW
m_00182,Wolf-Clark,5812,US,LOW
m_00183,Gonzales Group,5411,US,LOW
m_00184,Peterson-Porter,5541,IN,MEDIUM
m_00185,Mcdowell-Wise,5311,SG,MEDIUM
m_00186,Bowers-Peters,5311,DE,LOW
m_00187,Thomas LLC,5812,US,MEDIUM
m_00188,Hernandez-Kemp,5411,IN,HIGH
m_00189,Davis LLC,5812,US,MEDIUM
m_00190,Perez Group,5541,DE,HIGH
m_00191,"Rodriguez, Harris and Garrett",5541,US,LOW
m_00192,Lopez Inc,5311,US,LOW
m_00193,Harris-Hunt,5541,SG,MEDIUM
m_00194,Johnson-Powell,5732,DE,HIGH
m_00195,Underwood-Singleton,5541,DE,HIGH
m_00196,"Thomas, Chavez and Pena",5311,US,HIGH
m_00197,"Yates, Bradshaw and King",5311,DE,HIGH
m_00198,Gay-Burton,5812,GB,MEDIUM
m_00199,Brooks LLC,5311,US,HIGH
m_00200,"Good, Contreras and Prince",5311,IN,MEDIUM
m_00201,"Mejia, Schaefer and Thornton",5732,US,HIGH
m_00202,"Miller, Gonzalez and Madden",5732,GB,MEDIUM
m_00203,Davis PLC,5411,US,HIGH
m_00204,"Rose, Perez and Norton",5812,DE,LOW
m_00205,"Ware, Smith and Moore",5812,US,HIGH
m_00206,"Jones, Harris and Mcdonald",5311,DE,LOW
m_00207,Perez Group,5541,DE,MEDIUM
m_00208,Perez Inc,5411,US,MEDIUM
m_00209,Wilson Group,5311,SG,MEDIUM
m_00210,Smith Group,5411,SG,HIGH
m_00211,"Cook, Reese and Smith",5311,IN,MEDIUM
m_00212,Bell-Gilmore,5732,DE,MEDIUM
m_00213,"Chavez, Schmidt and Sanchez",5541,SG,MEDIUM
m_00214,"Knox, Murphy and Carrillo",5812,DE,HIGH
m_00215,Stone Group,5732,DE,LOW
m_00216,Day-Escobar,5411,DE,MEDIUM
m_00217,Anderson Inc,5311,US,MEDIUM
m_00218,Sloan LLC,5812,SG,MEDIUM
m_00219,"Sparks, Hughes and Henderson",5411,DE,HIGH
m_00220,"Hood, Alexander and Ware",5541,IN,HIGH
m_00221,Ballard-Khan,5311,US,LOW
m_00222,Warren-Palmer,5812,IN,MEDIUM
m_00223,Swanson-Velez,5311,GB,MEDIUM
m_00224,Soto-Austin,5311,GB,LOW
m_00225,Goodwin Inc,5311,GB,MEDIUM
m_00226,"Luna, Reed and Bell",5732,IN,MEDIUM
m_00227,Walker PLC,5411,SG,MEDIUM
m_00228,Hernandez Ltd,5732,US,LOW
m_00229,"Myers, Collins and White",5411,IN,HIGH
m_00230,Smith-Miller,5812,US,LOW
m_00231,Peterson Ltd,5541,US,LOW
m_00232,Hernandez-Castillo,5812,DE,LOW
m_00233,"Phillips, Stafford and Cox",5411,SG,HIGH
m_00234,"Mccoy, Harris and Gonzalez",5311,GB,LOW
m_00235,Deleon Inc,5812,SG,MEDIUM
m_00236,Payne-Brown,5411,US,HIGH
m_00237,"Summers, Clark and Curtis",5411,SG,MEDIUM
m_00238,Hernandez-Chavez,5732,SG,LOW
m_00239,"Martin, Davis and Adams",5311,DE,HIGH
m_00240,"Hutchinson, Cook and Barnes",5812,IN,HIGH
m_00241,Stevenson-Clark,5812,IN,HIGH
m_00242,Perkins Inc,5732,SG,HIGH
m_00243,Moreno-Coleman,5541,IN,LOW
m_00244,Garcia-Fitzgerald,5541,DE,MEDIUM
m_00245,"Nelson, Rose and Wilson",5732,IN,HIGH
m_00246,"Mitchell, Hubbard and Murray",5732,IN,HIGH
m_00247,"Singh, Sullivan and Lopez",5311,IN,MEDIUM
m_00248,Williams-Sullivan,5732,DE,MEDIUM
m_00249,"White, Burch and Wu",5812,DE,HIGH
m_00250,Sanchez-Webb,5541,GB,LOW
m_00251,Fowler PLC,5541,DE,HIGH
m_00252,Morris Group,5311,SG,MEDIUM
m_00253,"Kim, Martinez and Bass",5732,US,MEDIUM
m_00254,Johnston-Lee,5732,DE,LOW
m_00255,Kaufman-Berg,5311,SG,LOW
m_00256,"Duncan, Walters and Mcneil",5311,GB,HIGH
m_00257,Smith and Sons,5311,GB,LOW
m_00258,Robinson LLC,5311,US,LOW
m_00259,Johnson Inc,5732,GB,MEDIUM
m_00260,Brown Ltd,5541,GB,MEDIUM
m_00261,"Austin, Parker and Smith",5411,SG,HIGH
m_00262,Richardson-Harris,5411,US,LOW
m_00263,Cobb Inc,5311,DE,HIGH
m_00264,"Ward, Glass and Rogers",5812,DE,HIGH
m_00265,"Galvan, Holland and Richard",5311,DE,HIGH
m_00266,Schwartz Ltd,5411,GB,LOW
m_00267,Preston-Griffin,5311,US,LOW
m_00268,King-Rodriguez,5541,GB,MEDIUM
m_00269,Brown-Wall,5541,SG,MEDIUM
m_00270,Evans Inc,5311,SG,MEDIUM
m_00271,Rivera-Fitzpatrick,5732,DE,MEDIUM
m_00272,Walker and Sons,5732,GB,MEDIUM
m_00273,"Bryant, Park and Lee",5411,US,LOW
m_00274,"Dunn, Roberts and Harris",5411,SG,MEDIUM
m_00275,Johnson and Sons,5812,US,HIGH
m_00276,Schneider PLC,5311,GB,LOW
m_00277,"Robinson, Mayo and Jones",5541,SG,HIGH
m_00278,Mclaughlin-Galvan,5732,IN,HIGH
m_00279,"Rivas, Moore and Sanford",5732,US,LOW
m_00280,Watson-Buchanan,5812,GB,MEDIUM
m_00281,"Ross, Carter and Rasmussen",5541,US,LOW
m_00282,Gibson LLC,5411,IN,MEDIUM
m_00283,Carr-Mccullough,5732,US,HIGH
m_00284,Jones-Davis,5311,IN,HIGH
m_00285,Morgan and Sons,5541,GB,LOW
m_00286,Huff Ltd,5311,DE,MEDIUM
m_00287,Hart-Anderson,5812,IN,MEDIUM
m_00288,Rodriguez-Harris,5311,IN,MEDIUM
m_00289,"Levy, Chapman and Johnson",5311,DE,LOW
m_00290,Charles-Robinson,5541,IN,LOW
m_00291,Howard-Sosa,5812,SG,LOW
m_00292,Henry-Black,5411,US,MEDIUM
m_00293,"Griffin, Hawkins and Griffin",5541,DE,LOW
m_00294,Grant Inc,5541,SG,HIGH
m_00295,Howard Group,5541,DE,LOW
m_00296,Banks Ltd,5311,GB,MEDIUM
m_00297,Rivera-Hanna,5311,GB,HIGH
m_00298,"Richards, Coleman and Valencia",5541,IN,HIGH
m_00299,Bates-Stevenson,5411,US,HIGH
m_00300,Carroll-Ramirez,5812,GB,HIGH
m_00301,Perez-King,5411,US,HIGH
m_00302,Arnold-Valdez,5812,SG,LOW
m_00303,Anderson-Park,5812,IN,LOW
m_00304,Clark PLC,5311,SG,MEDIUM
m_00305,"Walsh, Rivera and Martin",5732,IN,MEDIUM
m_00306,"Hamilton, Carrillo and Reyes",5732,GB,LOW
m_00307,Oneill Inc,5311,IN,HIGH
m_00308,"Hunt, Montoya and Smith",5812,GB,HIGH
m_00309,"Ward, Carrillo and Wolfe",5541,US,HIGH
m_00310,"Webster, Avila and Butler",5411,SG,MEDIUM
m_00311,Shannon-Jensen,5812,GB,LOW
m_00312,"Padilla, Lewis and Irwin",5411,IN,LOW
m_00313,Sanders-Kerr,5732,SG,LOW
m_00314,Nguyen-Roberts,5541,GB,HIGH
m_00315,Petersen-Cunningham,5411,DE,MEDIUM
m_00316,Hensley and Sons,5732,DE,HIGH
m_00317,Haynes PLC,5541,SG,MEDIUM
m_00318,Bishop LLC,5311,IN,MEDIUM
m_00319,Taylor-Decker,5411,DE,HIGH
m_00320,Jones Inc,5732,SG,HIGH
m_00321,Hanson-Peterson,5411,IN,MEDIUM
m_00322,Newman Inc,5541,SG,LOW
m_00323,Tran-Maxwell,5732,SG,LOW
m_00324,Silva-Daniels,5812,DE,LOW
m_00325,"Mccarty, Mckinney and Hughes",5311,GB,HIGH
m_00326,Sharp-Garrett,5541,DE,LOW
m_00327,Reynolds-Thompson,5311,IN,HIGH
m_00328,Boyd-Baird,5732,DE,MEDIUM
m_00329,Alexander Group,5732,IN,MEDIUM
m_00330,Dickson Group,5732,DE,LOW
m_00331,"Zuniga, Flores and Stewart",5311,GB,HIGH
m_00332,Wyatt Group,5311,SG,HIGH
m_00333,"Monroe, Chang and Williams",5311,IN,LOW
m_00334,Boyle and Sons,5732,GB,MEDIUM
m_00335,Khan-Morrison,5311,SG,LOW
m_00336,"Thomas, Roberson and Brady",5541,DE,LOW
m_00337,Russell-Gutierrez,5411,US,MEDIUM
m_00338,Kaufman Group,5732,SG,HIGH
m_00339,Coleman Ltd,5311,IN,MEDIUM
m_00340,"Mason, Jordan and Young",5732,SG,LOW
m_00341,Randall-Larson,5732,DE,LOW
m_00342,"Campbell, Griffin and Ferrell",5311,IN,HIGH
m_00343,Reid Group,5541,US,LOW
m_00344,Marshall-Foley,5812,GB,HIGH
m_00345,Hanson-Rodriguez,5411,SG,HIGH
m_00346,"Parker, Frye and Mcdonald",5411,US,MEDIUM
m_00347,Dean-Herrera,5311,IN,LOW
m_00348,Lucero-Guerrero,5812,DE,HIGH
m_00349,"Clay, Wiley and Nielsen",5732,SG,HIGH
m_00350,"Roth, Phillips and Roberts",5732,DE,HIGH
m_00351,Smith-Gonzalez,5311,US,MEDIUM
m_00352,Nguyen-Hicks,5541,US,MEDIUM
m_00353,"Tran, Lane and Watson",5812,SG,MEDIUM
m_00354,"Pena, Serrano and Esparza",5812,IN,HIGH
m_00355,Hughes-Monroe,5311,GB,MEDIUM
m_00356,Gonzalez LLC,5732,IN,HIGH
m_00357,Collins-Boyer,5732,SG,MEDIUM
m_00358,"Johnson, Johnson and Fitzgerald",5311,US,HIGH
m_00359,"Cox, Hicks and Huffman",5541,DE,MEDIUM
m_00360,"Harrison, Roberts and Wells",5732,SG,MEDIUM
m_00361,"Hill, Calderon and Marshall",5311,DE,HIGH
m_00362,"Rubio, Martinez and Davis",5812,US,MEDIUM
m_00363,Schroeder-Humphrey,5311,US,HIGH
m_00364,"Soto, Dean and Blankenship",5411,GB,MEDIUM
m_00365,"Blackwell, Smith and Garza",5311,DE,HIGH
m_00366,Buchanan LLC,5812,DE,MEDIUM
m_00367,"Scott, Lee and Taylor",5812,SG,LOW
m_00368,"Watkins, Hutchinson and Ramos",5732,IN,HIGH
m_00369,Williams PLC,5411,SG,MEDIUM
m_00370,Mayo Ltd,5411,US,MEDIUM
m_00371,Harris Inc,5812,IN,MEDIUM
m_00372,Nelson-Peters,5732,GB,MEDIUM
m_00373,Davis Ltd,5311,IN,HIGH
m_00374,Sims-Hunter,5541,DE,MEDIUM
m_00375,Kelley LLC,5311,SG,MEDIUM
m_00376,"Ray, Thomas and Bailey",5541,IN,LOW
m_00377,"Francis, Nguyen and Jones",5732,US,LOW
m_00378,Miller LLC,5411,DE,HIGH
m_00379,"Powell, Thomas and Moyer",5411,DE,LOW
m_00380,Nelson-Griffith,5732,IN,LOW
m_00381,Clark-Bennett,5732,IN,LOW
m_00382,"Matthews, Carpenter and Miller",5732,GB,MEDIUM
m_00383,"Gonzales, Brown and Dixon",5812,US,MEDIUM
m_00384,Smith-Miller,5311,SG,HIGH
m_00385,"Alexander, Patterson and Wolfe",5812,US,HIGH
m_00386,Harris-Woods,5411,SG,LOW
m_00387,Porter-Brooks,5541,US,MEDIUM
m_00388,Dixon Ltd,5541,US,MEDIUM
m_00389,Love and Sons,5311,GB,LOW
m_00390,"Long, Mason and Hernandez",5732,IN,MEDIUM
m_00391,Reynolds-Snyder,5732,SG,MEDIUM
m_00392,Mcintosh-Howard,5411,DE,LOW
m_00393,"Conrad, Shepard and Chaney",5541,GB,MEDIUM
m_00394,Le-Reynolds,5311,GB,HIGH
m_00395,Wise LLC,5732,US,MEDIUM
m_00396,Stewart-Brown,5311,IN,MEDIUM
m_00397,Carter-Atkins,5311,SG,LOW
m_00398,Patton Inc,5541,GB,MEDIUM
m_00399,Foster-Lin,5732,IN,HIGH
m_00400,Baxter Inc,5311,GB,HIGH
m_00401,"Alexander, Boone and Bolton",5541,IN,LOW
m_00402,Daniel Group,5311,GB,HIGH
m_00403,Brewer-Mcclain,5541,GB,LOW
m_00404,Graham PLC,5812,SG,LOW
m_00405,"Conner, Reed and Hess",5812,IN,MEDIUM
m_00406,Bennett-Haney,5411,GB,HIGH
m_00407,Herrera-Norman,5411,SG,MEDIUM
m_00408,Johnson PLC,5812,IN,MEDIUM
m_00409,"Dyer, Alvarado and Lane",5732,DE,MEDIUM
m_00410,"Johnson, Lambert and Bailey",5812,US,LOW
m_00411,Keller Ltd,5732,SG,HIGH
m_00412,Johnson Ltd,5732,US,HIGH
m_00413,Koch-Hawkins,5311,GB,MEDIUM
m_00414,"Carroll, Montoya and George",5732,IN,HIGH
m_00415,Greer-Smith,5411,US,MEDIUM
m_00416,Ward-Wright,5311,SG,LOW
m_00417,Sweeney PLC,5411,DE,MEDIUM
m_00418,"Hoover, Moss and Cole",5732,SG,LOW
m_00419,Ayala-Andrews,5311,GB,LOW
m_00420,"Wade, Bowen and Garza",5732,SG,HIGH
m_00421,Willis-Smith,5732,IN,MEDIUM
m_00422,Espinoza-Beck,5812,DE,HIGH
m_00423,Lane and Sons,5541,SG,LOW
m_00424,"Roberts, Le and James",5541,US,MEDIUM
m_00425,Faulkner LLC,5411,DE,HIGH
m_00426,Hughes Inc,5732,DE,HIGH
m_00427,Lee-Vega,5812,IN,LOW
m_00428,"Cox, Odonnell and Marsh",5732,DE,LOW
m_00429,"Lewis, Holmes and Bird",5411,US,LOW
m_00430,Kelly and Sons,5812,DE,HIGH
m_00431,Francis Inc,5732,SG,MEDIUM
m_00432,Rodriguez-Haynes,5541,US,MEDIUM
m_00433,Barnett-Torres,5411,DE,MEDIUM
m_00434,Hernandez-Jensen,5311,GB,HIGH
m_00435,Berger Ltd,5732,US,LOW
m_00436,Smith LLC,5311,US,MEDIUM
m_00437,Robinson-Bartlett,5411,GB,MEDIUM
m_00438,"Goodman, Miller and Christensen",5732,IN,HIGH
m_00439,"Cook, Moody and Brock",5732,US,MEDIUM
m_00440,Brown-Clark,5311,IN,LOW
m_00441,"Howe, Lopez and Kelley",5812,SG,HIGH
m_00442,Diaz-Douglas,5411,GB,LOW
m_00443,"Hudson, Bell and Young",5812,SG,LOW
m_00444,Herman-Smith,5411,SG,LOW
m_00445,Zimmerman-Ford,5541,US,LOW
m_00446,Maxwell-Ward,5732,US,LOW
m_00447,"Torres, Douglas and Cohen",5411,GB,HIGH
m_00448,"Rodriguez, Moore and Fisher",5812,SG,LOW
m_00449,Sullivan-Cox,5812,IN,MEDIUM
m_00450,"Long, Morgan and Riddle",5411,US,HIGH
m_00451,"Anderson, Santiago and Jacobson",5732,US,LOW
m_00452,Lewis-Gordon,5732,IN,HIGH
m_00453,"Obrien, Welch and Hampton",5732,IN,LOW
m_00454,Ayala Inc,5311,SG,LOW
m_00455,"Jones, Gonzalez and Davis",5411,DE,LOW
m_00456,Guzman-Williams,5732,SG,MEDIUM
m_00457,Lopez Inc,5411,DE,HIGH
m_00458,Wilkerson-Clark,5812,SG,HIGH
m_00459,Yates Group,5541,GB,LOW
m_00460,Larson PLC,5411,IN,MEDIUM
m_00461,Hamilton-Smith,5311,DE,MEDIUM
m_00462,Owens Group,5411,DE,HIGH
m_00463,Trujillo-Taylor,5311,IN,HIGH
m_00464,Morris LLC,5732,SG,LOW
m_00465,Walters-Ramirez,5411,US,LOW
m_00466,"Lopez, Adams and Hammond",5541,SG,MEDIUM
m_00467,"White, Ramirez and Harris",5732,DE,HIGH
m_00468,Flores-Butler,5541,GB,HIGH
m_00469,Hamilton-Saunders,5541,SG,MEDIUM
m_00470,"Rangel, Wilson and Little",5411,IN,MEDIUM
m_00471,Thomas LLC,5541,US,HIGH
m_00472,Hayes-Garcia,5311,US,MEDIUM
m_00473,"Cochran, Travis and Fischer",5732,DE,MEDIUM
m_00474,Hardin-Ward,5311,IN,MEDIUM
m_00475,"Chan, Reynolds and Young",5311,GB,MEDIUM
m_00476,Simmons PLC,5732,GB,HIGH
m_00477,Kelley-Mendoza,5311,IN,LOW
m_00478,Campos Group,5411,IN,LOW
m_00479,Esparza-Campbell,5411,GB,MEDIUM
m_00480,Boyer-Johnson,5541,IN,LOW
m_00481,"Boyle, Acosta and Molina",5541,SG,HIGH
m_00482,"Tran, Davis and Barnett",5411,DE,MEDIUM
m_00483,Hester-Gonzalez,5311,IN,MEDIUM
m_00484,Martinez and Sons,5541,GB,MEDIUM
m_00485,Drake-Clark,5411,SG,MEDIUM
m_00486,"Garcia, Gordon and Mcfarland",5812,US,HIGH
m_00487,Mcclain Group,5311,US,HIGH
m_00488,Wise Inc,5732,SG,LOW
m_00489,Barnes Ltd,5411,GB,MEDIUM
m_00490,Howard Group,5812,DE,HIGH
m_00491,Parker LLC,5541,SG,HIGH
m_00492,Meyer-Ibarra,5541,IN,HIGH
m_00493,"Brown, Hutchinson and Martin",5732,IN,HIGH
m_00494,"Bush, Lynn and Shaw",5732,GB,LOW
m_00495,"Douglas, Thompson and Bradley",5732,IN,MEDIUM
m_00496,Dennis and Sons,5812,SG,LOW
m_00497,"Jones, Little and Phillips",5311,IN,HIGH
m_00498,Henderson-Strong,5411,IN,LOW
m_00499,Stanton-Hayes,5541,US,HIGH
m_00500,Flores Inc,5311,DE,MEDIUM
m_00501,Rodriguez-Brooks,5812,GB,MEDIUM
m_00502,Villegas Group,5732,SG,MEDIUM
m_00503,"Long, Larson and Kelley",5411,IN,HIGH
m_00504,Medina Inc,5812,SG,LOW
m_00505,Horton LLC,5411,GB,LOW
m_00506,Whitehead-Medina,5311,DE,MEDIUM
m_00507,"Nguyen, Peters and Rodriguez",5311,DE,HIGH
m_00508,"Ortiz, Hull and Williams",5812,SG,MEDIUM
m_00509,"Freeman, Smith and Wolf",5732,DE,LOW
m_00510,Miller Inc,5732,SG,LOW
m_00511,"Jones, Turner and Waters",5541,GB,MEDIUM
m_00512,"Smith, Martin and Cox",5812,DE,LOW
m_00513,Rodriguez-Levine,5411,IN,HIGH
m_00514,Roberson PLC,5732,US,LOW
m_00515,Evans-Hanson,5732,GB,LOW
m_00516,"Thomas, Perez and Morrison",5411,IN,MEDIUM
m_00517,Flores Ltd,5311,US,MEDIUM
m_00518,"Dalton, Vincent and Brady",5311,SG,LOW
m_00519,Kaiser LLC,5812,SG,HIGH
m_00520,Hernandez PLC,5732,IN,HIGH
m_00521,Reese Group,5411,DE,MEDIUM
m_00522,Davis Inc,5311,IN,LOW
m_00523,"Hamilton, Roberts and Camacho",5541,DE,MEDIUM
m_00524,"Parks, Jackson and Hernandez",5311,DE,HIGH
m_00525,Reeves-Turner,5411,DE,MEDIUM
m_00526,Knight Group,5732,US,LOW
m_00527,"Livingston, Byrd and Vargas",5311,GB,HIGH
m_00528,Black-Martin,5311,IN,LOW
m_00529,Lindsey LLC,5311,SG,LOW
m_00530,Thomas-Beard,5541,IN,MEDIUM
m_00531,Foster-Wilkins,5732,GB,MEDIUM
m_00532,"Humphrey, Davis and Becker",5732,US,LOW
m_00533,"Brown, Stephens and Flores",5541,IN,LOW
m_00534,Gonzales Group,5541,US,HIGH
m_00535,"Lewis, Conrad and Monroe",5732,US,MEDIUM
m_00536,Bryant-Fisher,5411,US,LOW
m_00537,"Goodwin, Todd and Smith",5812,US,MEDIUM
m_00538,"Mullen, Lester and Sheppard",5812,IN,HIGH
m_00539,Ramirez Ltd,5311,DE,LOW
m_00540,Barnes Ltd,5541,DE,HIGH
m_00541,"Anderson, Curtis and Juarez",5541,SG,HIGH
m_00542,"Ferguson, Ellis and Perez",5732,US,MEDIUM
m_00543,"Contreras, Sanders and Ayala",5411,DE,MEDIUM
m_00544,Jones Inc,5732,GB,MEDIUM
m_00545,Barber-George,5411,GB,HIGH
m_00546,Allen Group,5411,GB,HIGH
m_00547,Murphy LLC,5311,IN,MEDIUM
m_00548,"Miller, Smith and Buchanan",5732,GB,LOW
m_00549,Santiago LLC,5411,SG,LOW
m_00550,Love-Shannon,5541,DE,HIGH
m_00551,Todd-Gray,5541,SG,MEDIUM
m_00552,Smith LLC,5411,DE,HIGH
m_00553,Ballard-Welch,5812,GB,HIGH
m_00554,Bean Inc,5311,SG,HIGH
m_00555,Spencer-Mcgee,5411,DE,LOW
m_00556,Swanson-Conway,5732,IN,LOW
m_00557,Miller Group,5812,IN,HIGH
m_00558,Schmitt-Gomez,5311,DE,LOW
m_00559,"Hammond, Roberts and Stone",5541,SG,HIGH
m_00560,Gonzalez-Rice,5732,GB,LOW
m_00561,"Gregory, Woodard and Morales",5311,DE,MEDIUM
m_00562,Maldonado-Porter,5541,IN,MEDIUM
m_00563,Hamilton LLC,5732,IN,HIGH
m_00564,Luna-Griffin,5411,SG,MEDIUM
m_00565,"Davis, Grimes and Miller",5311,GB,HIGH
m_00566,Tapia and Sons,5541,US,MEDIUM
m_00567,Gonzalez-Mitchell,5411,SG,MEDIUM
m_00568,"Burke, Glenn and Hardin",5812,GB,HIGH
m_00569,Arroyo and Sons,5311,US,MEDIUM
m_00570,"Clark, Bennett and Harris",5411,GB,HIGH
m_00571,"Alvarez, Hill and Brown",5311,GB,HIGH
m_00572,Cunningham Ltd,5541,IN,LOW
m_00573,Gonzalez Inc,5311,SG,HIGH
m_00574,"Santiago, Mcgee and Zavala",5411,GB,MEDIUM
m_00575,"Delacruz, Leon and Morton",5812,US,MEDIUM
m_00576,Harrison-Martin,5311,US,MEDIUM
m_00577,Wright-Taylor,5812,US,LOW
m_00578,Hodge PLC,5732,IN,LOW
m_00579,"Rodriguez, Hull and Gilbert",5541,SG,HIGH
m_00580,Maldonado Group,5732,SG,LOW
m_00581,Carpenter-Mcintosh,5541,DE,LOW
m_00582,Martin-Jordan,5812,US,LOW
m_00583,"Rowe, Roberts and Perez",5541,US,HIGH
m_00584,"Mercado, Hall and Wood",5311,IN,HIGH
m_00585,"Wright, Williams and Rosario",5732,US,MEDIUM
m_00586,Johnson Ltd,5541,GB,MEDIUM
m_00587,Price-Lucero,5311,US,HIGH
m_00588,Wade Inc,5812,GB,HIGH
m_00589,Harris-Cunningham,5812,GB,MEDIUM
m_00590,Cannon Ltd,5541,DE,HIGH
m_00591,"Clay, Johnson and Olsen",5732,DE,MEDIUM
m_00592,Solomon-Jennings,5541,DE,HIGH
m_00593,"Mendoza, Powell and Andrade",5812,SG,LOW
m_00594,"Phillips, Cisneros and Ramos",5732,IN,LOW
m_00595,Nelson-Holt,5311,GB,HIGH
m_00596,Meyer Group,5411,SG,HIGH
m_00597,Stewart and Sons,5732,IN,LOW
m_00598,"Stevenson, Roth and Hodge",5732,DE,LOW
m_00599,Davis-Lawson,5812,DE,HIGH
m_00600,Salazar-Garcia,5812,DE,LOW
m_00601,Howard Ltd,5411,DE,MEDIUM
m_00602,"Waters, Terry and Villegas",5311,SG,LOW
m_00603,"Perkins, Welch and Powers",5812,DE,MEDIUM
m_00604,"Molina, Burnett and Williams",5732,US,LOW
m_00605,"Chan, Hancock and Brown",5732,IN,LOW
m_00606,Bryant LLC,5732,US,HIGH
m_00607,Rogers-Mcbride,5411,GB,LOW
m_00608,"Baker, Smith and Herman",5812,DE,MEDIUM
m_00609,Bryant Group,5541,IN,MEDIUM
m_00610,Logan and Sons,5411,GB,LOW
m_00611,Campbell Group,5812,SG,LOW
m_00612,Crane-Martinez,5541,SG,HIGH
m_00613,Chambers-Mcmillan,5411,GB,MEDIUM
m_00614,"Harris, Aguilar and Ramirez",5732,IN,LOW
m_00615,Perkins-Patterson,5812,DE,LOW
m_00616,Martin-Gonzales,5541,DE,HIGH
m_00617,Carr LLC,5411,DE,LOW
m_00618,"May, Bradley and Myers",5541,IN,HIGH
m_00619,Campos-Meyers,5541,SG,HIGH
m_00620,"Powers, Walker and Green",5812,GB,LOW
m_00621,Reese-Singh,5411,SG,MEDIUM
m_00622,Turner-Li,5812,SG,MEDIUM
m_00623,Yates LLC,5812,IN,MEDIUM
m_00624,"Young, Franklin and Hale",5732,IN,HIGH
m_00625,Harrison-Carrillo,5541,SG,HIGH
m_00626,Ferguson-Yu,5541,IN,HIGH
m_00627,Donovan-Hicks,5311,IN,MEDIUM
m_00628,Smith LLC,5311,GB,HIGH
m_00629,Tucker Group,5411,GB,MEDIUM
m_00630,Powers Ltd,5732,US,LOW
m_00631,Lopez-Barry,5411,SG,HIGH
m_00632,Cohen PLC,5732,US,HIGH
m_00633,Cardenas and Sons,5732,SG,LOW
m_00634,"Juarez, Cisneros and Young",5812,DE,MEDIUM
m_00635,Charles Inc,5311,US,HIGH
m_00636,"Nguyen, Whitney and Bruce",5411,DE,LOW
m_00637,Green Group,5732,US,LOW
m_00638,Gonzales-Hanson,5812,IN,LOW
m_00639,"Whitehead, Parsons and Robinson",5732,SG,MEDIUM
m_00640,Smith Ltd,5541,DE,MEDIUM
m_00641,Smith-Miller,5411,US,MEDIUM
m_00642,Wagner and Sons,5732,IN,MEDIUM
m_00643,Williams and Sons,5732,GB,HIGH
m_00644,"Wilson, Larsen and Santiago",5732,DE,LOW
m_00645,"Guzman, Lewis and Fernandez",5311,DE,MEDIUM
m_00646,Anderson and Sons,5812,DE,MEDIUM
m_00647,Johnson and Sons,5311,GB,HIGH
m_00648,Smith-Cross,5732,IN,HIGH
m_00649,Lee Ltd,5311,IN,HIGH
m_00650,"Reid, Smith and Morrison",5541,US,MEDIUM
m_00651,Walker-Roman,5732,GB,HIGH
m_00652,Nguyen-Williams,5411,GB,LOW
m_00653,Green Inc,5732,GB,HIGH
m_00654,"Acevedo, Mcclure and Ibarra",5541,DE,MEDIUM
m_00655,Woods-Curry,5311,GB,LOW
m_00656,King Group,5411,GB,MEDIUM
m_00657,Montgomery LLC,5311,GB,HIGH
m_00658,Edwards PLC,5411,IN,HIGH
m_00659,Calhoun-Martin,5311,GB,HIGH
m_00660,Vega-Arnold,5812,IN,HIGH
m_00661,"Franklin, Morton and Perez",5541,DE,LOW
m_00662,"Padilla, Anderson and Davidson",5812,IN,LOW
m_00663,Morris-Lowe,5732,GB,LOW
m_00664,Klein-Morris,5541,IN,MEDIUM
m_00665,Thompson-Payne,5812,DE,HIGH
m_00666,Moore-Hernandez,5732,DE,MEDIUM
m_00667,"Ortiz, Perry and Cochran",5541,US,LOW
m_00668,"Johnson, Chapman and Avery",5732,DE,HIGH
m_00669,Martin-Martin,5732,US,MEDIUM
m_00670,Simmons-Robinson,5411,US,LOW
m_00671,Green-Davis,5541,DE,MEDIUM
m_00672,Deleon-Murray,5411,GB,HIGH
m_00673,Logan PLC,5311,US,MEDIUM
m_00674,Merritt LLC,5732,DE,HIGH
m_00675,Whitehead-Stanley,5411,US,LOW
m_00676,"Parker, Hogan and Austin",5311,US,LOW
m_00677,Dickson Ltd,5311,IN,HIGH
m_00678,Moon LLC,5732,GB,HIGH
m_00679,Medina Inc,5411,SG,HIGH
m_00680,Chen-Duran,5732,GB,HIGH
m_00681,Pierce Ltd,5812,GB,LOW
m_00682,Brown Group,5812,IN,HIGH
m_00683,Carpenter-Baker,5812,US,LOW
m_00684,Miles-Rivera,5411,GB,MEDIUM
m_00685,"Carr, Adams and Gibson",5541,GB,HIGH
m_00686,"Williams, Roberts and Miller",5541,US,MEDIUM
m_00687,"Choi, Davis and Morales",5411,IN,HIGH
m_00688,Phillips Ltd,5311,DE,MEDIUM
m_00689,"Herrera, Richards and Peters",5311,DE,HIGH
m_00690,"Roberts, Robertson and House",5411,US,HIGH
m_00691,Turner-Hill,5411,DE,MEDIUM
m_00692,"Johnson, Boyd and Weaver",5541,GB,MEDIUM
m_00693,Malone-Burton,5541,SG,LOW
m_00694,"Wood, Warner and Goodwin",5812,DE,LOW
m_00695,Martinez-Moss,5411,IN,HIGH
m_00696,Shields Ltd,5812,GB,HIGH
m_00697,Jones Inc,5812,GB,LOW
m_00698,Lopez-Greene,5812,GB,HIGH
m_00699,"Hernandez, Mcgee and Nichols",5732,IN,HIGH
m_00700,"Hawkins, Lawson and James",5812,SG,MEDIUM
m_00701,Stokes Inc,5812,GB,MEDIUM
m_00702,"Kelly, Jones and Atkins",5541,IN,HIGH
m_00703,"Schultz, Simpson and Mendez",5812,SG,HIGH
m_00704,Sanchez and Sons,5812,US,HIGH
m_00705,Ellis-Daniels,5541,SG,HIGH
m_00706,Hall-Chavez,5541,IN,MEDIUM
m_00707,Walters Group,5411,IN,LOW
m_00708,"Kelley, Dean and Hopkins",5541,GB,HIGH
m_00709,Reyes Inc,5812,SG,HIGH
m_00710,Lee-Mccoy,5541,IN,MEDIUM
m_00711,Mccoy Ltd,5541,GB,MEDIUM
m_00712,Knox-Mills,5732,DE,HIGH
m_00713,"Schwartz, Price and Howe",5311,GB,LOW
m_00714,Smith-Duran,5411,IN,MEDIUM
m_00715,Henson Inc,5311,DE,LOW
m_00716,"Ray, Gregory and Nguyen",5311,US,MEDIUM
m_00717,Contreras-Torres,5541,US,MEDIUM
m_00718,"Reynolds, Nelson and Gates",5732,GB,MEDIUM
m_00719,King Inc,5812,GB,MEDIUM
m_00720,"Mendez, Garcia and Jenkins",5541,IN,HIGH
m_00721,Zavala-Franklin,5812,DE,MEDIUM
m_00722,Smith Group,5732,DE,LOW
m_00723,"Williams, Garcia and Boyd",5812,IN,LOW
m_00724,Lopez PLC,5732,DE,LOW
m_00725,Calderon-Harris,5311,US,HIGH
m_00726,Wright PLC,5732,SG,LOW
m_00727,Young-Park,5732,US,HIGH
m_00728,"Sparks, Cervantes and Rodriguez",5311,SG,LOW
m_00729,Jones Inc,5311,GB,MEDIUM
m_00730,Higgins Group,5411,IN,MEDIUM
m_00731,Watkins-Barrera,5541,DE,MEDIUM
m_00732,"Roberts, Garcia and Brandt",5812,SG,LOW
m_00733,"Tate, Barrett and Rodriguez",5411,IN,MEDIUM
m_00734,Williams Ltd,5311,SG,MEDIUM
m_00735,Kirk Group,5311,GB,HIGH
m_00736,Hardin and Sons,5411,IN,HIGH
m_00737,Smith Group,5812,GB,MEDIUM
m_00738,Mullins Ltd,5732,DE,HIGH
m_00739,"James, Martin and Cooley",5411,DE,MEDIUM
m_00740,Thomas-Morales,5541,SG,LOW
m_00741,Johnson Inc,5732,SG,LOW
m_00742,Hernandez PLC,5411,DE,MEDIUM
m_00743,"Lopez, Taylor and Kelley",5311,SG,HIGH
m_00744,"Peters, Garcia and Lee",5541,SG,MEDIUM
m_00745,Cunningham-Gonzalez,5812,IN,LOW
m_00746,Fernandez-Rodriguez,5732,GB,MEDIUM
m_00747,"Hughes, Horton and Welch",5732,US,HIGH
m_00748,Abbott-English,5541,SG,LOW
m_00749,Welch Ltd,5541,IN,MEDIUM
m_00750,Frazier Ltd,5411,US,LOW
m_00751,"Acosta, Houston and Jensen",5732,DE,HIGH
m_00752,"Mahoney, Meza and Turner",5311,US,HIGH
m_00753,"Bennett, Klein and Jimenez",5541,US,HIGH
m_00754,"Fuller, Taylor and Murray",5541,GB,MEDIUM
m_00755,Brown and Sons,5311,SG,LOW
m_00756,Pacheco-White,5732,SG,HIGH
m_00757,Young-Gonzalez,5541,SG,MEDIUM
m_00758,Hebert Group,5311,SG,HIGH
m_00759,"Jenkins, Olson and Colon",5311,IN,MEDIUM
m_00760,Henry Inc,5732,IN,MEDIUM
m_00761,"Bolton, Daugherty and Burke",5541,GB,MEDIUM
m_00762,"Fry, Tran and Williams",5411,SG,HIGH
m_00763,Scott Ltd,5732,SG,MEDIUM
m_00764,Morrison-Reeves,5812,IN,HIGH
m_00765,Chase-Fields,5311,US,HIGH
m_00766,"Dalton, Dominguez and Howard",5541,DE,HIGH
m_00767,"Powell, Maddox and Poole",5812,IN,LOW
m_00768,Jones LLC,5411,US,HIGH
m_00769,Roberts-Massey,5311,GB,LOW
m_00770,Montgomery-Valdez,5812,DE,MEDIUM
m_00771,Flores and Sons,5812,DE,HIGH
m_00772,"Ortega, Robinson and Fleming",5541,DE,HIGH
m_00773,"Cox, Oneill and Schultz",5411,US,HIGH
m_00774,"Silva, Davis and Schmidt",5812,SG,HIGH
m_00775,"Gentry, Smith and Mcintyre",5311,SG,MEDIUM
m_00776,Hernandez Group,5732,US,MEDIUM
m_00777,Hayes-Cunningham,5541,GB,MEDIUM
m_00778,Martinez Group,5732,GB,HIGH
m_00779,Adams Ltd,5311,US,HIGH
m_00780,Rodriguez-Moore,5732,SG,LOW
m_00781,Harris-Joyce,5812,GB,MEDIUM
m_00782,Simmons-Mitchell,5812,DE,MEDIUM
m_00783,Stewart and Sons,5311,GB,MEDIUM
m_00784,Martin PLC,5732,GB,HIGH
m_00785,Mclaughlin LLC,5541,SG,LOW
m_00786,Curry Ltd,5311,GB,MEDIUM
m_00787,Simmons-Allen,5732,IN,LOW
m_00788,"Jones, Jones and Bridges",5411,GB,MEDIUM
m_00789,Miller-Webb,5732,DE,MEDIUM
m_00790,"Jenkins, Mcmillan and Howard",5812,SG,LOW
m_00791,Morris Group,5541,GB,MEDIUM
m_00792,"Schmidt, Hines and Stein",5411,SG,LOW
m_00793,Frazier-Walsh,5541,US,HIGH
m_00794,Brewer-Farmer,5411,SG,LOW
m_00795,"Livingston, Cruz and Russell",5812,IN,LOW
m_00796,"Lee, Thomas and Hanna",5311,GB,LOW
m_00797,"Hawkins, Stewart and Walsh",5311,IN,HIGH
m_00798,"Molina, Bell and Griffin",5812,IN,HIGH
m_00799,Welch Ltd,5812,DE,HIGH
m_00800,Haas-Simmons,5311,DE,HIGH
m_00801,Henry-Olson,5812,GB,HIGH
m_00802,Glover Ltd,5732,IN,MEDIUM
m_00803,Brooks-Bernard,5541,US,LOW
m_00804,Hutchinson-Howell,5411,US,HIGH
m_00805,Lowe-Fischer,5812,IN,MEDIUM
m_00806,"Peterson, Jackson and Nelson",5311,US,MEDIUM
m_00807,Castro and Sons,5732,IN,HIGH
m_00808,"Wright, Villarreal and Allen",5732,SG,LOW
m_00809,Gonzalez-Taylor,5411,GB,HIGH
m_00810,"Smith, Compton and Wong",5311,SG,MEDIUM
m_00811,"Evans, Ashley and Aguirre",5311,US,HIGH
m_00812,Gonzalez PLC,5311,GB,HIGH
m_00813,"Murphy, Walker and Monroe",5411,GB,LOW
m_00814,Walters-Jones,5311,GB,LOW
m_00815,Chaney-Dominguez,5812,IN,HIGH
m_00816,Warren-Smith,5732,GB,HIGH
m_00817,Young-Jones,5812,US,HIGH
m_00818,Ramsey-Hunter,5311,DE,HIGH
m_00819,Reynolds LLC,5732,IN,HIGH
m_00820,Novak-Jones,5411,US,MEDIUM
m_00821,"Anderson, Miles and Johnson",5311,GB,LOW
m_00822,Gould PLC,5411,GB,LOW
m_00823,Wolfe LLC,5812,DE,MEDIUM
m_00824,Mitchell and Sons,5732,GB,MEDIUM
m_00825,Terrell-Miller,5541,IN,HIGH
m_00826,Petersen-Goodman,5732,US,MEDIUM
m_00827,Roberts Group,5411,DE,LOW
m_00828,Bradshaw Group,5812,DE,MEDIUM
m_00829,Mcdonald-Edwards,5541,GB,HIGH
m_00830,"Webb, Flores and Guerrero",5411,GB,HIGH
m_00831,"Green, Owen and Watkins",5541,US,MEDIUM
m_00832,Bell-Alexander,5812,DE,LOW
m_00833,Phillips-Solis,5311,SG,LOW
m_00834,"Holder, Davis and Rich",5311,SG,MEDIUM
m_00835,"Fields, Rice and Cooper",5541,US,MEDIUM
m_00836,"Mullins, Austin and Anderson",5541,IN,LOW
m_00837,Anderson Group,5311,SG,HIGH
m_00838,"Guzman, Smith and Duncan",5732,IN,HIGH
m_00839,Hartman-Bird,5411,IN,HIGH
m_00840,"Lester, Evans and Shah",5541,US,HIGH
m_00841,Todd-Rubio,5541,US,HIGH
m_00842,Peterson and Sons,5732,SG,LOW
m_00843,Jackson Ltd,5411,US,MEDIUM
m_00844,Coleman-Molina,5541,DE,HIGH
m_00845,"Pierce, Smith and Washington",5541,DE,LOW
m_00846,"Hayes, Logan and Thomas",5311,US,LOW
m_00847,"Garrett, Garcia and Allen",5311,DE,HIGH
m_00848,"Ortiz, Mcbride and Parker",5411,SG,HIGH
m_00849,Rodriguez Ltd,5732,IN,MEDIUM
m_00850,"Price, White and Anderson",5732,IN,MEDIUM
m_00851,"Sandoval, Mccormick and Burns",5812,SG,HIGH
m_00852,"Berger, Cook and Ramirez",5411,DE,LOW
m_00853,Willis PLC,5411,SG,MEDIUM
m_00854,Myers Inc,5411,DE,LOW
m_00855,Dominguez-Williams,5732,DE,LOW
m_00856,Jones and Sons,5812,DE,LOW
m_00857,Brown-Sweeney,5311,DE,MEDIUM
m_00858,Lopez-Sheppard,5311,IN,MEDIUM
m_00859,Newton-Hawkins,5541,US,HIGH
m_00860,Ayala-Wilson,5732,IN,HIGH
m_00861,Stewart-Villegas,5541,DE,LOW
m_00862,Hensley-Holmes,5812,US,HIGH
m_00863,"Fitzpatrick, Miller and Farley",5411,GB,LOW
m_00864,"Beck, White and Moon",5541,DE,MEDIUM
m_00865,Black LLC,5311,US,HIGH
m_00866,Robbins and Sons,5311,GB,LOW
m_00867,"Richardson, Williams and Marshall",5732,US,LOW
m_00868,Boyd Inc,5411,IN,HIGH
m_00869,Mccarty Ltd,5311,SG,HIGH
m_00870,Pham-Miller,5812,US,LOW
m_00871,Gill Group,5411,SG,LOW
m_00872,Henderson Ltd,5311,SG,LOW
m_00873,Phillips-Nolan,5411,US,HIGH
m_00874,"Mathews, Myers and Thomas",5411,DE,HIGH
m_00875,Clark LLC,5812,SG,MEDIUM
m_00876,Martinez Inc,5411,US,LOW
m_00877,"Hicks, Smith and Lopez",5732,US,HIGH
m_00878,"Levy, Richardson and Stevens",5541,GB,HIGH
m_00879,Price-Daniels,5541,GB,HIGH
m_00880,Vargas-Mcmahon,5732,US,LOW
m_00881,Burgess and Sons,5541,US,HIGH
m_00882,Schaefer PLC,5732,GB,MEDIUM
m_00883,Walsh PLC,5541,SG,LOW
m_00884,Martin-Thomas,5812,DE,HIGH
m_00885,Martinez-Golden,5311,IN,HIGH
m_00886,Wilson Group,5311,SG,MEDIUM
m_00887,"Deleon, Lynn and Mcdaniel",5311,DE,MEDIUM
m_00888,Hopkins Group,5732,DE,LOW
m_00889,"Taylor, Nguyen and Dixon",5541,DE,LOW
m_00890,Gomez Inc,5812,GB,LOW
m_00891,"Mann, Long and Nguyen",5812,DE,HIGH
m_00892,"Hernandez, Stokes and Fisher",5541,DE,LOW
m_00893,Phillips PLC,5541,SG,MEDIUM
m_00894,Williams Inc,5311,US,LOW
m_00895,Hendricks Inc,5812,GB,MEDIUM
m_00896,Huerta and Sons,5411,DE,HIGH
m_00897,Koch Ltd,5411,SG,MEDIUM
m_00898,"Garza, Torres and Robinson",5812,IN,HIGH
m_00899,"Jacobs, Patel and Fuller",5311,SG,MEDIUM
m_00900,"Garner, Harmon and Guzman",5411,IN,HIGH
m_00901,"Underwood, Dawson and Ortiz",5541,SG,LOW
m_00902,Smith Ltd,5311,US,LOW
m_00903,"Lara, Medina and Green",5732,IN,MEDIUM
m_00904,Key PLC,5812,IN,LOW
m_00905,Russell LLC,5311,US,HIGH
m_00906,Lloyd-Calderon,5541,US,HIGH
m_00907,"Hodges, Parsons and Gallagher",5812,SG,MEDIUM
m_00908,Hull Group,5732,DE,MEDIUM
m_00909,"Green, Maldonado and Smith",5541,GB,MEDIUM
m_00910,Berry and Sons,5732,GB,MEDIUM
m_00911,Ruiz PLC,5311,DE,HIGH
m_00912,Torres-Flowers,5311,GB,LOW
m_00913,"Barber, Edwards and Figueroa",5732,GB,LOW
m_00914,Fox-Scott,5411,SG,MEDIUM
m_00915,"Mcdaniel, Wagner and Swanson",5812,IN,LOW
m_00916,"Kramer, Donovan and Padilla",5541,SG,MEDIUM
m_00917,Miller-Wilson,5311,GB,HIGH
m_00918,Brandt Ltd,5812,GB,LOW
m_00919,Clark Inc,5311,SG,LOW
m_00920,"Rodriguez, Li and Ellis",5311,SG,LOW
m_00921,Rojas Ltd,5732,GB,HIGH
m_00922,George and Sons,5311,DE,MEDIUM
m_00923,Odom LLC,5732,US,LOW
m_00924,Marshall-Mccann,5541,DE,LOW
m_00925,Nguyen PLC,5541,IN,LOW
m_00926,Love-Cordova,5411,IN,HIGH
m_00927,Lee Group,5411,IN,HIGH
m_00928,Williams-Tate,5812,US,MEDIUM
m_00929,Romero-Brown,5812,IN,LOW
m_00930,Griffith-Becker,5541,DE,LOW
m_00931,"Douglas, Burton and Ferrell",5411,SG,MEDIUM
m_00932,Holt PLC,5541,DE,HIGH
m_00933,Johnson-Smith,5311,IN,HIGH
m_00934,"Mcgee, Washington and Spencer",5541,SG,LOW
m_00935,Doyle Inc,5411,IN,MEDIUM
m_00936,Drake LLC,5732,SG,HIGH
m_00937,Ward-Torres,5411,SG,MEDIUM
m_00938,Morris LLC,5311,US,HIGH
m_00939,"Mitchell, Wallace and Torres",5411,SG,LOW
m_00940,Mcdonald-Hubbard,5812,US,LOW
m_00941,"Collins, Fuller and Bullock",5541,GB,HIGH
m_00942,"Patterson, Stone and Kennedy",5732,DE,MEDIUM
m_00943,Salinas LLC,5732,DE,LOW
m_00944,Blankenship Inc,5541,US,MEDIUM
m_00945,Fletcher LLC,5812,GB,HIGH
m_00946,"Harrison, Escobar and Thompson",5411,IN,HIGH
m_00947,Bright-Patel,5311,DE,LOW
m_00948,"Andersen, Taylor and Clark",5541,DE,MEDIUM
m_00949,Hall Ltd,5411,US,LOW
m_00950,Sullivan-Bowers,5311,DE,LOW
m_00951,Fitzpatrick-Knight,5732,SG,HIGH
m_00952,Valdez and Sons,5541,IN,LOW
m_00953,"Bennett, Gordon and Boyd",5812,SG,LOW
m_00954,Jones-Evans,5732,IN,MEDIUM
m_00955,Wilson-Kelly,5732,SG,LOW
m_00956,Keller-Rosales,5411,US,HIGH
m_00957,Arnold PLC,5411,US,MEDIUM
m_00958,"Fernandez, Moore and Barnes",5812,DE,HIGH
m_00959,Velez-Chapman,5732,US,LOW
m_00960,Larsen Group,5812,SG,HIGH
m_00961,Barrera-Wheeler,5541,GB,MEDIUM
m_00962,Miller-Rodgers,5812,IN,MEDIUM
m_00963,Brewer LLC,5732,IN,HIGH
m_00964,"Figueroa, Vang and Lewis",5311,US,LOW
m_00965,"Schroeder, Black and Waters",5732,SG,LOW
m_00966,Rush Ltd,5541,DE,HIGH
m_00967,Martinez-Roberts,5411,GB,MEDIUM
m_00968,Dennis-Jones,5311,US,MEDIUM
m_00969,King-Moore,5541,DE,MEDIUM
m_00970,"Cooper, Melton and Blanchard",5812,SG,MEDIUM
m_00971,"Meyer, Hanson and Hernandez",5311,IN,HIGH
m_00972,Owens-Hayes,5732,US,HIGH
m_00973,Archer-Brown,5411,IN,HIGH
m_00974,Perry and Sons,5812,DE,MEDIUM
m_00975,Chapman and Sons,5812,DE,HIGH
m_00976,"King, Whitney and Pugh",5732,IN,MEDIUM
m_00977,"Mora, Dennis and Garcia",5411,GB,LOW
m_00978,Jackson Inc,5732,GB,MEDIUM
m_00979,Kennedy LLC,5812,IN,LOW
m_00980,Sanchez-Flores,5311,DE,LOW
m_00981,"May, Gilbert and Thomas",5541,SG,HIGH
m_00982,"Bennett, Fernandez and Keith",5411,IN,MEDIUM
m_00983,Henry PLC,5732,SG,LOW
m_00984,"Foster, Donaldson and Mendoza",5541,SG,LOW
m_00985,"Allen, Johnson and Pena",5311,IN,MEDIUM
m_00986,Richardson PLC,5311,DE,MEDIUM
m_00987,"Mclaughlin, Caldwell and Lewis",5541,US,LOW
m_00988,Rivera-Cameron,5541,US,HIGH
m_00989,"Berry, Benjamin and Fry",5311,US,HIGH
m_00990,Thompson and Sons,5732,GB,LOW
m_00991,"Hernandez, Wheeler and Phillips",5311,US,MEDIUM
m_00992,"Hanson, Gomez and Williams",5812,DE,LOW
m_00993,Wu PLC,5311,GB,MEDIUM
m_00994,Silva and Sons,5411,GB,MEDIUM
m_00995,"Haynes, Rodriguez and Olsen",5812,DE,MEDIUM
m_00996,Watts PLC,5541,US,HIGH
m_00997,Johnson Inc,5411,US,MEDIUM
m_00998,Stewart-Peterson,5411,DE,MEDIUM
m_00999,"Ochoa, Little and Ali",5541,DE,MEDIUM
m_01000,"Smith, Wilson and Carr",5311,GB,MEDIUM
m_01001,"Ware, Madden and Russell",5541,US,MEDIUM
m_01002,Murphy-Diaz,5732,SG,MEDIUM
m_01003,Shaw-Murphy,5812,DE,HIGH
m_01004,Morrow-James,5812,DE,MEDIUM
m_01005,"Thomas, Crosby and Copeland",5732,DE,MEDIUM
m_01006,Cuevas and Sons,5812,GB,HIGH
m_01007,Baldwin LLC,5732,DE,MEDIUM
m_01008,Mcfarland PLC,5411,SG,MEDIUM
m_01009,"Hancock, Santos and Smith",5541,SG,LOW
m_01010,"Kelly, Ramirez and Macdonald",5541,IN,LOW
m_01011,Walton-Day,5311,US,HIGH
m_01012,"Miller, Young and Williams",5732,IN,MEDIUM
m_01013,Harris Inc,5311,US,MEDIUM
m_01014,Griffith-Quinn,5732,US,HIGH
m_01015,Willis PLC,5812,DE,MEDIUM
m_01016,"Meyer, Stephens and Carlson",5411,DE,MEDIUM
m_01017,Stone Ltd,5311,SG,HIGH
m_01018,Foster Ltd,5541,SG,MEDIUM
m_01019,"Davila, Ali and Brown",5311,SG,HIGH
m_01020,Reese-Brown,5732,SG,LOW
m_01021,Hudson-Wilkins,5411,IN,HIGH
m_01022,Henderson Inc,5732,US,LOW
m_01023,Stone-Crane,5541,IN,HIGH
m_01024,"Lara, Maxwell and Perez",5311,GB,HIGH
m_01025,Scott and Sons,5411,IN,MEDIUM
m_01026,Olsen Ltd,5732,US,LOW
m_01027,Williams-Garza,5541,SG,HIGH
m_01028,Zimmerman Ltd,5541,US,HIGH
m_01029,Horton Ltd,5732,DE,MEDIUM
m_01030,Bond Group,5541,SG,MEDIUM
m_01031,"Hughes, Hernandez and Thompson",5732,IN,LOW
m_01032,"Roberts, Robbins and Shannon",5411,GB,MEDIUM
m_01033,Murphy-Walters,5411,IN,MEDIUM
m_01034,"Smith, Sharp and Diaz",5812,GB,HIGH
m_01035,Barnes Inc,5732,DE,MEDIUM
m_01036,Rogers PLC,5541,DE,LOW
m_01037,"Williams, Mayer and Martinez",5311,IN,MEDIUM
m_01038,"Martin, Chandler and Nash",5311,GB,MEDIUM
m_01039,Sanchez LLC,5732,IN,LOW
m_01040,Miller-Hernandez,5411,IN,HIGH
m_01041,Lewis Group,5411,US,MEDIUM
m_01042,"Peterson, Baker and Roberts",5812,SG,HIGH
m_01043,Nelson Ltd,5541,US,LOW
m_01044,Hernandez-Murray,5541,DE,MEDIUM
m_01045,"Smith, Palmer and Burton",5812,DE,MEDIUM
m_01046,"Mcintyre, Ramirez and Young",5812,US,HIGH
m_01047,Brown-Anderson,5311,DE,HIGH
m_01048,"Chapman, Dixon and Horton",5541,US,LOW
m_01049,Smith PLC,5541,DE,MEDIUM
m_01050,"Wilson, Williams and Bryant",5411,US,MEDIUM
m_01051,Thompson Group,5732,IN,LOW
m_01052,Black Ltd,5411,SG,HIGH
m_01053,Farley LLC,5732,GB,LOW
m_01054,Duncan Ltd,5311,IN,LOW
m_01055,Doyle-Murray,5311,SG,MEDIUM
m_01056,Hubbard LLC,5732,SG,HIGH
m_01057,Mercer-Rivera,5541,DE,MEDIUM
m_01058,Ramirez-Jordan,5411,GB,HIGH
m_01059,Mueller Group,5311,SG,MEDIUM
m_01060,Fletcher-White,5732,SG,LOW
m_01061,"Jefferson, Russell and Reed",5411,US,HIGH
m_01062,"Griffin, Hall and Burke",5411,US,MEDIUM
m_01063,Davenport-Carter,5411,US,MEDIUM
m_01064,"Owen, Acosta and Brown",5812,SG,MEDIUM
m_01065,Waters Ltd,5311,SG,MEDIUM
m_01066,Ford-Taylor,5541,DE,LOW
m_01067,"Gordon, Pacheco and Myers",5812,DE,MEDIUM
m_01068,Hayes Inc,5541,US,HIGH
m_01069,Smith Group,5812,DE,HIGH
m_01070,Jones-Wang,5812,US,MEDIUM
m_01071,"Campbell, Benjamin and Douglas",5311,SG,MEDIUM
m_01072,Davis Inc,5732,IN,LOW
m_01073,Rush Ltd,5812,US,MEDIUM
m_01074,Perry LLC,5541,SG,MEDIUM
m_01075,Kaiser-Blackwell,5311,DE,HIGH
m_01076,"Carter, Holland and Cross",5311,DE,HIGH
m_01077,Hammond-Ferguson,5311,DE,HIGH
m_01078,"Willis, Wright and Scott",5411,SG,LOW
m_01079,Harmon and Sons,5812,GB,LOW
m_01080,"Oliver, Robinson and Lowe",5732,US,LOW
m_01081,"Burke, Short and Brown",5732,US,HIGH
m_01082,"Norton, Russell and Holder",5541,DE,MEDIUM
m_01083,Allen Group,5541,IN,HIGH
m_01084,"Wilkins, Allen and Maddox",5411,GB,HIGH
m_01085,"Torres, Hudson and Butler",5732,SG,HIGH
m_01086,"Valenzuela, Bennett and Carney",5311,SG,LOW
m_01087,Haynes and Sons,5311,IN,LOW
m_01088,Hogan-Griffith,5812,GB,HIGH
m_01089,"Gill, Tanner and Chambers",5311,GB,LOW
m_01090,"King, Edwards and Sharp",5411,DE,MEDIUM
m_01091,"Anderson, Munoz and Jacobs",5812,US,LOW
m_01092,Brown-Barrera,5541,GB,HIGH
m_01093,"Jimenez, Lee and Barry",5541,DE,HIGH
m_01094,Morris-Cardenas,5541,US,LOW
m_01095,Curtis-Boyd,5812,IN,LOW
m_01096,"Medina, Moore and White",5732,SG,HIGH
m_01097,Wilson-Black,5541,SG,MEDIUM
m_01098,"Beltran, Crosby and Bernard",5732,GB,LOW
m_01099,Russell-Holloway,5541,GB,MEDIUM
m_01100,"Hendricks, Shaffer and Holmes",5411,US,HIGH
m_01101,Cobb-Parker,5411,GB,MEDIUM
m_01102,Smith Ltd,5812,US,HIGH
m_01103,"Moore, Brown and Powell",5812,GB,LOW
m_01104,"Mitchell, Morales and James",5311,DE,LOW
m_01105,Harper LLC,5541,GB,LOW
m_01106,"Wilson, Wilson and Rogers",5311,DE,HIGH
m_01107,Evans-Bean,5411,IN,MEDIUM
m_01108,"Phillips, Moyer and Hart",5541,GB,MEDIUM
m_01109,"Mack, Buchanan and Flynn",5732,DE,HIGH
m_01110,Rivera LLC,5732,SG,MEDIUM
m_01111,Riddle-Bolton,5411,DE,LOW
m_01112,Hinton-Gonzalez,5732,IN,HIGH
m_01113,Ellis-White,5311,US,HIGH
m_01114,Morgan PLC,5812,DE,MEDIUM
m_01115,"Thompson, Dunn and Vincent",5732,GB,MEDIUM
m_01116,Cox Ltd,5541,SG,MEDIUM
m_01117,Jones-Sandoval,5541,DE,LOW
m_01118,"Johnston, Horton and Brown",5411,IN,MEDIUM
m_01119,Robinson-Collins,5311,IN,LOW
m_01120,"Jones, Ortega and Rogers",5812,DE,LOW
m_01121,"Hansen, Hill and Patterson",5411,DE,MEDIUM
m_01122,Mullen-Ortega,5812,GB,LOW
m_01123,"Hernandez, Chavez and Miller",5732,IN,LOW
m_01124,Campos Group,5732,GB,HIGH
m_01125,Orozco-Moore,5732,US,LOW
m_01126,Hubbard and Sons,5311,GB,LOW
m_01127,Craig LLC,5812,DE,HIGH
m_01128,Hall PLC,5411,IN,HIGH
m_01129,Stephens-Frazier,5812,DE,LOW
m_01130,"Dixon, Munoz and Garcia",5812,SG,LOW
m_01131,Ramirez Inc,5541,DE,LOW
m_01132,"Bell, Gonzalez and Frazier",5411,GB,LOW
m_01133,"Potter, Arnold and Haley",5311,US,LOW
m_01134,Gonzalez-Bautista,5411,US,MEDIUM
m_01135,Cooper-Wiggins,5411,IN,MEDIUM
m_01136,Brown-Flynn,5732,GB,LOW
m_01137,Rodriguez Group,5812,DE,MEDIUM
m_01138,"Mason, Dougherty and Daniels",5812,IN,LOW
m_01139,"Perkins, Hubbard and Mendez",5541,IN,HIGH
m_01140,"Woods, Bolton and Gray",5812,DE,HIGH
m_01141,Brooks Ltd,5812,US,MEDIUM
m_01142,Ruiz and Sons,5541,DE,MEDIUM
m_01143,Miller-Morales,5411,IN,LOW
m_01144,Rivers Group,5411,SG,LOW
m_01145,"Daniel, Hudson and Miles",5311,GB,HIGH
m_01146,Knight-Richards,5732,US,MEDIUM
m_01147,Smith-Gonzalez,5732,IN,LOW
m_01148,Hunter-Miller,5541,SG,LOW
m_01149,Villegas LLC,5541,GB,HIGH
m_01150,Wood-Porter,5411,GB,HIGH
m_01151,"Ortega, Montgomery and Fields",5541,SG,LOW
m_01152,"Smith, Rodriguez and Gutierrez",5812,DE,HIGH
m_01153,"Miller, Sanchez and Munoz",5411,US,MEDIUM
m_01154,Shields and Sons,5311,IN,MEDIUM
m_01155,"Clayton, Mcfarland and Watson",5311,SG,LOW
m_01156,Moore Group,5541,IN,LOW
m_01157,Potts-Dominguez,5732,US,MEDIUM
m_01158,"Shaw, Young and Simpson",5541,DE,MEDIUM
m_01159,Watson-Miller,5541,US,MEDIUM
m_01160,Roberson-Williams,5411,IN,MEDIUM
m_01161,Yu-Blair,5411,IN,HIGH
m_01162,Anthony Ltd,5812,IN,MEDIUM
m_01163,Sims-Bryant,5311,SG,LOW
m_01164,Smith-Carpenter,5541,DE,MEDIUM
m_01165,Zamora and Sons,5311,IN,MEDIUM
m_01166,Ramsey Group,5541,SG,HIGH
m_01167,Holt Inc,5812,GB,HIGH
m_01168,Ward LLC,5732,IN,LOW
m_01169,Blankenship-Stone,5812,US,HIGH
m_01170,Gutierrez PLC,5732,DE,HIGH
m_01171,Simmons-Durham,5411,GB,HIGH
m_01172,May-Harris,5311,US,HIGH
m_01173,Mann-Martin,5812,IN,LOW
m_01174,"Richardson, Cobb and Skinner",5411,DE,MEDIUM
m_01175,Mitchell PLC,5541,IN,HIGH
m_01176,"Rowe, Bryant and Hoffman",5812,IN,MEDIUM
m_01177,Johnson Group,5812,IN,LOW
m_01178,Moore Group,5311,GB,LOW
m_01179,Park-Newton,5541,GB,HIGH
m_01180,Waller-Cole,5732,US,LOW
m_01181,"Hanson, Woods and Parker",5732,IN,HIGH
m_01182,"Jackson, Ryan and Camacho",5732,DE,LOW
m_01183,Smith Inc,5541,IN,MEDIUM
m_01184,"Thomas, Cox and Vaughn",5541,IN,MEDIUM
m_01185,Mendez-Park,5311,SG,MEDIUM
m_01186,Chandler LLC,5411,DE,MEDIUM
m_01187,"Mendoza, Turner and Craig",5812,GB,HIGH
m_01188,"Ballard, Brown and Washington",5732,IN,LOW
m_01189,White Ltd,5411,US,HIGH
m_01190,Rhodes and Sons,5541,IN,HIGH
m_01191,Smith-Miller,5411,US,LOW
m_01192,Caldwell Ltd,5311,GB,LOW
m_01193,Brewer LLC,5812,US,MEDIUM
m_01194,Johnson Inc,5541,DE,LOW
m_01195,Howard Inc,5732,US,LOW
m_01196,"Whitehead, Munoz and King",5732,GB,MEDIUM
m_01197,"Kemp, Jones and Thomas",5541,GB,LOW
m_01198,"Collins, Davidson and Griffin",5541,IN,LOW
m_01199,"Carpenter, Scott and Martinez",5812,SG,LOW
m_01200,Tyler PLC,5311,IN,LOW
m_01201,Carter LLC,5732,GB,MEDIUM
m_01202,"Howell, Nguyen and Ramirez",5411,SG,MEDIUM
m_01203,Crawford Ltd,5411,GB,MEDIUM
m_01204,Adams-Mejia,5732,SG,LOW
m_01205,Murphy-Baker,5541,US,MEDIUM
m_01206,Jones-Gonzalez,5732,SG,MEDIUM
m_01207,"Ortiz, Bird and Conrad",5812,SG,MEDIUM
m_01208,Mcdaniel Group,5812,IN,LOW
m_01209,Fleming-Davidson,5411,US,MEDIUM
m_01210,King-Robinson,5732,IN,HIGH
m_01211,Ball PLC,5411,DE,MEDIUM
m_01212,"Golden, Coleman and Castro",5732,IN,HIGH
m_01213,Newton-Larson,5541,US,LOW
m_01214,Thompson-Parker,5311,IN,MEDIUM
m_01215,"Fox, Wilson and Davidson",5732,IN,LOW
m_01216,"Fuller, Vargas and Townsend",5812,SG,LOW
m_01217,Bailey-Huang,5732,DE,MEDIUM
m_01218,Ramirez and Sons,5411,SG,HIGH
m_01219,Russell-Davis,5541,US,LOW
m_01220,Smith-Fowler,5311,IN,HIGH
m_01221,Poole-Harris,5541,IN,HIGH
m_01222,Williams Ltd,5812,US,MEDIUM
m_01223,Smith-Lee,5732,GB,MEDIUM
m_01224,"Lewis, Williams and Williams",5732,GB,MEDIUM
m_01225,Walker-Davis,5732,US,MEDIUM
m_01226,"Torres, Bryant and Lee",5812,US,LOW
m_01227,Smith Inc,5411,US,HIGH
m_01228,Brown-Lopez,5812,DE,LOW
m_01229,Mcneil-Brown,5732,DE,MEDIUM
m_01230,Robinson-Miller,5541,GB,LOW
m_01231,"Martinez, Morgan and Williams",5311,GB,LOW
m_01232,"Williams, Gonzales and Graham",5732,IN,MEDIUM
m_01233,Taylor PLC,5812,GB,LOW
m_01234,Doyle PLC,5541,IN,HIGH
m_01235,Conway Group,5732,US,LOW
m_01236,Zamora LLC,5812,GB,LOW
m_01237,Webb LLC,5541,IN,MEDIUM
m_01238,Moore and Sons,5732,GB,HIGH
m_01239,White-Watson,5411,DE,LOW
m_01240,"Taylor, Bailey and Freeman",5541,SG,MEDIUM
m_01241,Sanchez Ltd,5411,DE,LOW
m_01242,"Lucas, Ayala and Oconnor",5812,IN,LOW
m_01243,Graves LLC,5411,US,LOW
m_01244,Campbell PLC,5812,DE,LOW
m_01245,"Howard, Jones and Rodriguez",5411,SG,MEDIUM
m_01246,"Roberts, Oliver and Butler",5732,IN,HIGH
m_01247,Russell Inc,5411,US,LOW
m_01248,Bishop Group,5311,US,HIGH
m_01249,Miranda LLC,5732,IN,LOW
m_01250,"Shannon, Meyer and Stewart",5311,IN,LOW
m_01251,"Cunningham, Wood and Nelson",5541,DE,LOW
m_01252,"Anderson, Price and Kelly",5311,DE,HIGH
m_01253,Fowler-Hensley,5311,DE,LOW
m_01254,Guzman-Luna,5732,US,LOW
m_01255,Mcdonald Inc,5732,GB,LOW
m_01256,Richardson-Miller,5812,IN,MEDIUM
m_01257,"Chen, Butler and Cook",5541,SG,HIGH
m_01258,"Swanson, Cordova and Fleming",5732,DE,LOW
m_01259,"Kemp, Grant and Duran",5541,DE,MEDIUM
m_01260,"Johnson, Wilson and Hammond",5411,GB,LOW
m_01261,"Byrd, Turner and Brown",5812,DE,MEDIUM
m_01262,Strickland-Robertson,5541,US,LOW
m_01263,Escobar PLC,5541,IN,HIGH
m_01264,Arroyo-Armstrong,5732,DE,MEDIUM
m_01265,"Harper, Woods and Price",5311,GB,HIGH
m_01266,Mckee-Myers,5541,GB,HIGH
m_01267,Jones Inc,5732,US,MEDIUM
m_01268,Alvarez and Sons,5732,SG,LOW
m_01269,"Martinez, Daniels and Cross",5411,GB,LOW
m_01270,Richards-Ali,5311,SG,LOW
m_01271,Mcdaniel-Rodriguez,5541,US,MEDIUM
m_01272,Brock-Little,5411,US,LOW
m_01273,Schmidt LLC,5812,GB,HIGH
m_01274,Gonzalez-Kim,5411,US,HIGH
m_01275,"Miles, Hernandez and Ortega",5311,GB,HIGH
m_01276,Garcia Ltd,5812,US,LOW
m_01277,Miller Inc,5732,GB,HIGH
m_01278,Daniels PLC,5411,GB,HIGH
m_01279,"Schmidt, Andrews and Cooper",5541,US,HIGH
m_01280,Hall-Mccarty,5812,DE,HIGH
m_01281,"Lewis, Lopez and Sanchez",5732,US,HIGH
m_01282,"Brooks, Hodge and Lawson",5411,IN,MEDIUM
m_01283,"Hunt, Davidson and Brooks",5812,SG,LOW
m_01284,"Ramirez, Hicks and Olson",5411,SG,LOW
m_01285,Torres-Zamora,5411,GB,MEDIUM
m_01286,Brown Inc,5812,US,HIGH
m_01287,French LLC,5812,GB,MEDIUM
m_01288,English-Dixon,5411,US,LOW
m_01289,Price-Wyatt,5812,IN,HIGH
m_01290,Hughes Group,5732,IN,HIGH
m_01291,Barnes-Walker,5311,SG,MEDIUM
m_01292,Jones-Olson,5732,GB,LOW
m_01293,Burton-Pierce,5812,US,MEDIUM
m_01294,Wright Group,5311,DE,HIGH
m_01295,Torres-Jensen,5732,US,HIGH
m_01296,"White, Ruiz and Schneider",5541,SG,HIGH
m_01297,Ford-Merritt,5812,SG,MEDIUM
m_01298,"Kim, Donovan and Hubbard",5311,GB,LOW
m_01299,"Chang, Johnson and Horton",5732,US,HIGH
m_01300,Mcmahon and Sons,5411,SG,LOW
m_01301,"Davidson, Sullivan and Blackwell",5541,IN,MEDIUM
m_01302,Wheeler and Sons,5541,GB,LOW
m_01303,"Bond, Melendez and Moon",5812,SG,HIGH
m_01304,"Reese, Olson and Alexander",5311,US,LOW
m_01305,Smith-Ross,5411,US,MEDIUM
m_01306,Wilson Ltd,5732,US,MEDIUM
m_01307,Gonzales Inc,5411,GB,HIGH
m_01308,Olson-Mcdonald,5411,GB,MEDIUM
m_01309,Waters-Chavez,5812,IN,LOW
m_01310,Keith Ltd,5732,IN,MEDIUM
m_01311,Barnes and Sons,5411,IN,HIGH
m_01312,"Johnston, Morales and Stephens",5311,DE,MEDIUM
m_01313,Jones-Roberts,5311,DE,LOW
m_01314,Tucker-Ross,5732,SG,MEDIUM
m_01315,"Fuller, Phillips and Collins",5411,DE,MEDIUM
m_01316,Kirk and Sons,5812,US,HIGH
m_01317,"Herrera, Terry and Maxwell",5411,IN,MEDIUM
m_01318,Montgomery-Branch,5411,GB,MEDIUM
m_01319,Stevens Ltd,5411,IN,MEDIUM
m_01320,Matthews Inc,5812,DE,MEDIUM
m_01321,"Ford, Young and Davis",5411,SG,LOW
m_01322,Morales-Mosley,5732,SG,LOW
m_01323,White Ltd,5311,IN,HIGH
m_01324,Martinez PLC,5812,SG,MEDIUM
m_01325,Robinson Ltd,5812,IN,MEDIUM
m_01326,Vasquez Ltd,5732,US,LOW
m_01327,"Kline, Jones and Espinoza",5311,SG,LOW
m_01328,Garza and Sons,5541,GB,HIGH
m_01329,Coleman-Peck,5732,GB,HIGH
m_01330,Vasquez-Robbins,5411,IN,LOW
m_01331,Willis Group,5541,SG,MEDIUM
m_01332,Bowman-Ellison,5812,IN,MEDIUM
m_01333,"Armstrong, Williams and Lee",5411,DE,MEDIUM
m_01334,"Washington, Cabrera and Fleming",5732,SG,LOW
m_01335,"Sims, Cohen and Edwards",5812,IN,MEDIUM
m_01336,"Douglas, Moody and Cook",5812,US,LOW
m_01337,"Higgins, Wilson and Ferguson",5732,IN,HIGH
m_01338,Alexander and Sons,5411,GB,MEDIUM
m_01339,Hull PLC,5311,DE,MEDIUM
m_01340,Waters-Peterson,5732,IN,HIGH
m_01341,"Lawrence, Garcia and Rodriguez",5541,DE,HIGH
m_01342,Miller-Ballard,5732,DE,LOW
m_01343,"Ford, Brooks and Wilson",5812,DE,MEDIUM
m_01344,"Jacobson, Williamson and Garcia",5732,DE,LOW
m_01345,"Pugh, Rice and Cooley",5732,US,MEDIUM
m_01346,Johnson Group,5541,IN,MEDIUM
m_01347,Campbell-Houston,5411,IN,LOW
m_01348,"Owens, Salazar and Brown",5732,SG,HIGH
m_01349,"Weber, Gardner and Brown",5541,US,MEDIUM
m_01350,Sanders LLC,5411,DE,HIGH
m_01351,Wells Ltd,5311,SG,HIGH
m_01352,Graham LLC,5311,SG,HIGH
m_01353,Greene Group,5311,GB,LOW
m_01354,Miller-Lee,5311,IN,LOW
m_01355,Thornton PLC,5541,SG,HIGH
m_01356,Payne-Smith,5541,US,HIGH
m_01357,"Robinson, Baldwin and Harvey",5311,US,LOW
m_01358,Ryan-Wallace,5812,US,LOW
m_01359,Miller-Perkins,5411,DE,LOW
m_01360,Roman-Smith,5311,US,LOW
m_01361,Lee-Elliott,5812,SG,HIGH
m_01362,Lewis Inc,5732,IN,MEDIUM
m_01363,Rivera-Moore,5311,SG,LOW
m_01364,Kemp Group,5541,GB,MEDIUM
m_01365,Fox-Cooper,5541,DE,MEDIUM
m_01366,Diaz-Smith,5541,SG,LOW
m_01367,Gross-Miller,5311,IN,HIGH
m_01368,Dominguez Group,5812,US,MEDIUM
m_01369,Aguilar Ltd,5541,SG,HIGH
m_01370,Garza-Shaffer,5411,SG,LOW
m_01371,Ross LLC,5732,SG,LOW
m_01372,White-Schwartz,5311,GB,MEDIUM
m_01373,Tucker-Bartlett,5311,SG,MEDIUM
m_01374,Thomas PLC,5311,IN,HIGH
m_01375,Hall PLC,5732,DE,LOW
m_01376,Harris-Jones,5541,SG,LOW
m_01377,"Thornton, Hickman and Cook",5311,IN,HIGH
m_01378,Combs-Bean,5732,US,MEDIUM
m_01379,Mcgee-Love,5311,GB,LOW
m_01380,Dixon Inc,5411,GB,MEDIUM
m_01381,"Williams, Miles and Sanchez",5732,GB,MEDIUM
m_01382,Weber-Reynolds,5411,US,MEDIUM
m_01383,Alvarez-Kane,5732,DE,LOW
m_01384,Miles Ltd,5732,DE,MEDIUM
m_01385,"Smith, Kennedy and Mccormick",5411,US,HIGH
m_01386,Carr PLC,5812,DE,MEDIUM
m_01387,"Bowen, Cunningham and Ramirez",5311,SG,HIGH
m_01388,Rodriguez Ltd,5411,SG,MEDIUM
m_01389,Blackwell and Sons,5411,GB,LOW
m_01390,Lee Inc,5541,DE,HIGH
m_01391,Dixon and Sons,5541,SG,LOW
m_01392,Ross-Peters,5812,US,LOW
m_01393,Roberts-Davis,5411,US,LOW
m_01394,Garcia-Anderson,5311,IN,LOW
m_01395,Barron Ltd,5812,GB,MEDIUM
m_01396,"Mcbride, Hart and Miller",5311,SG,MEDIUM
m_01397,"Mclaughlin, Hunter and Cole",5411,IN,MEDIUM
m_01398,Nelson Inc,5732,DE,LOW
m_01399,Morales Inc,5311,US,HIGH
m_01400,Aguilar PLC,5541,SG,MEDIUM
m_01401,"Murray, Lutz and Willis",5732,US,MEDIUM
m_01402,Burch PLC,5411,GB,MEDIUM
m_01403,"Crawford, Rodriguez and Willis",5311,IN,LOW
m_01404,Sharp PLC,5541,US,LOW
m_01405,"Chapman, Brooks and Hammond",5812,US,LOW
m_01406,"Hernandez, Cole and Patton",5311,SG,MEDIUM
m_01407,Romero and Sons,5411,DE,LOW
m_01408,Roth-Bennett,5812,SG,LOW
m_01409,"Herrera, Reed and Scott",5812,GB,LOW
m_01410,Wallace-Day,5732,GB,HIGH
m_01411,Martin-Lopez,5311,GB,MEDIUM
m_01412,Nguyen LLC,5732,US,MEDIUM
m_01413,Williams Inc,5732,SG,MEDIUM
m_01414,Andrade and Sons,5311,SG,HIGH
m_01415,Downs Group,5411,SG,LOW
m_01416,Henderson-Stone,5732,SG,HIGH
m_01417,"Bailey, Cook and Walton",5541,SG,HIGH
m_01418,"Maynard, Barr and Hawkins",5732,IN,MEDIUM
m_01419,Cardenas-Jones,5411,GB,MEDIUM
m_01420,"Lewis, Hernandez and Kelley",5732,GB,MEDIUM
m_01421,Brown-Peterson,5732,US,MEDIUM
m_01422,"Jones, Johnson and Price",5541,US,LOW
m_01423,Mullen-Watkins,5541,DE,LOW
m_01424,Walker and Sons,5732,US,HIGH
m_01425,"Richardson, Pierce and Orr",5411,DE,HIGH
m_01426,Gonzalez-Cooper,5732,DE,MEDIUM
m_01427,Howard-Christensen,5311,IN,MEDIUM
m_01428,Hubbard Ltd,5541,US,HIGH
m_01429,Douglas and Sons,5812,SG,MEDIUM
m_01430,"Garcia, Wood and Hoffman",5311,GB,HIGH
m_01431,Norris-Mueller,5732,US,HIGH
m_01432,Quinn-Bush,5541,US,HIGH
m_01433,Phelps PLC,5411,DE,MEDIUM
m_01434,"Petersen, Long and Nguyen",5732,SG,LOW
m_01435,"Anderson, Allen and Mendoza",5732,IN,LOW
m_01436,Diaz-Walton,5732,US,LOW
m_01437,"Munoz, Garcia and Beltran",5732,DE,HIGH
m_01438,Miller and Sons,5732,GB,MEDIUM
m_01439,Rogers-Stevenson,5732,DE,HIGH
m_01440,Flowers LLC,5311,IN,LOW
m_01441,"Figueroa, Rivers and Stephens",5541,SG,HIGH
m_01442,"Roberts, Perry and Kelley",5411,DE,HIGH
m_01443,"Jefferson, Clark and Velez",5541,IN,LOW
m_01444,Ward-Murphy,5311,SG,HIGH
m_01445,Martin-Acosta,5311,IN,MEDIUM
m_01446,Anderson PLC,5812,US,LOW
m_01447,Floyd-Gonzalez,5311,SG,MEDIUM
m_01448,White Inc,5812,GB,MEDIUM
m_01449,Bernard Inc,5812,IN,HIGH
m_01450,Adams-Perez,5732,US,MEDIUM
m_01451,Rodriguez-Mitchell,5411,IN,MEDIUM
m_01452,"Andrews, Lane and Fernandez",5732,US,MEDIUM
m_01453,"Jones, Martin and Mayo",5541,US,LOW
m_01454,Blackwell-Russell,5411,US,MEDIUM
m_01455,Hanson-French,5311,DE,HIGH
m_01456,"Hernandez, Branch and Ryan",5311,DE,MEDIUM
m_01457,Davis-Sherman,5411,IN,MEDIUM
m_01458,Gilbert Group,5812,GB,HIGH
m_01459,"Riddle, David and Pittman",5732,SG,LOW
m_01460,Higgins Group,5411,IN,LOW
m_01461,Palmer LLC,5812,US,HIGH
m_01462,Woods-Ibarra,5732,GB,HIGH
m_01463,Young-Ortiz,5411,DE,LOW
m_01464,"Vazquez, Montes and Woods",5541,GB,HIGH
m_01465,Gonzalez LLC,5411,IN,LOW
m_01466,Bass-Davis,5732,DE,MEDIUM
m_01467,"Smith, Gibbs and Rocha",5541,SG,HIGH
m_01468,"Jones, Potter and Burgess",5732,DE,HIGH
m_01469,Erickson-Evans,5812,GB,HIGH
m_01470,"Martinez, Long and Roberts",5732,US,MEDIUM
m_01471,Weaver Inc,5311,IN,LOW
m_01472,"Anderson, Johnson and Smith",5812,US,LOW
m_01473,White and Sons,5411,SG,LOW
m_01474,"Miranda, Rivera and Myers",5812,IN,HIGH
m_01475,Potts-Roth,5411,DE,MEDIUM
m_01476,Kaufman and Sons,5732,SG,HIGH
m_01477,"Garcia, Guzman and Warren",5411,SG,HIGH
m_01478,"Lopez, Wheeler and Conley",5411,IN,LOW
m_01479,Ellison-Kim,5411,DE,LOW
m_01480,"Neal, Hartman and Carlson",5311,IN,MEDIUM
m_01481,Lopez-Thompson,5732,DE,HIGH
m_01482,Carroll-Jennings,5812,US,HIGH
m_01483,Jennings-Marsh,5411,GB,HIGH
m_01484,Obrien-Yates,5411,SG,MEDIUM
m_01485,"Thompson, Foster and Mcdaniel",5541,SG,MEDIUM
m_01486,Calhoun Ltd,5812,DE,HIGH
m_01487,Anthony Inc,5541,SG,LOW
m_01488,"West, Rivera and Brown",5732,IN,LOW
m_01489,"Daniel, Henderson and Smith",5311,US,LOW
m_01490,Wells-Johnson,5812,GB,HIGH
m_01491,Henry-Miller,5812,GB,HIGH
m_01492,"Garcia, Craig and Diaz",5311,GB,HIGH
m_01493,Vasquez-Lewis,5411,SG,LOW
m_01494,"Cox, Barry and Gordon",5812,DE,MEDIUM
m_01495,"Hamilton, Hardy and White",5812,IN,MEDIUM
m_01496,"Ward, Burton and Thompson",5411,IN,LOW
m_01497,"Parker, White and Liu",5311,US,HIGH
m_01498,"Armstrong, Martinez and Rivera",5541,IN,LOW
m_01499,"Clark, Perez and Lawson",5411,GB,HIGH
m_01500,"Russell, Yates and Jones",5812,DE,HIGH
m_01501,"Hernandez, Villanueva and Trujillo",5732,DE,MEDIUM
m_01502,Thompson LLC,5411,US,LOW
m_01503,Gibson LLC,5732,GB,LOW
m_01504,Williams-Byrd,5732,DE,HIGH
m_01505,Rivers-Murphy,5411,IN,HIGH
m_01506,Baird LLC,5411,US,LOW
m_01507,"Wright, Owens and Gardner",5812,GB,HIGH
m_01508,Huang-Stewart,5311,SG,MEDIUM
m_01509,Flores Group,5411,GB,MEDIUM
m_01510,Patel Ltd,5812,IN,MEDIUM
m_01511,Jones-Johnson,5311,DE,MEDIUM
m_01512,"Gaines, Sims and Johnson",5311,DE,MEDIUM
m_01513,"Gutierrez, Cannon and Ward",5812,IN,MEDIUM
m_01514,Fox-Carroll,5411,US,LOW
m_01515,"Barnett, Lawson and Galloway",5311,SG,LOW
m_01516,Burnett LLC,5541,DE,MEDIUM
m_01517,"Lopez, Bauer and Willis",5541,DE,LOW
m_01518,"Scott, Peters and Schmidt",5541,IN,MEDIUM
m_01519,"Williams, Miller and Garcia",5812,DE,HIGH
m_01520,"Jackson, Contreras and Pacheco",5411,DE,MEDIUM
m_01521,"Gutierrez, Peters and Stark",5411,IN,MEDIUM
m_01522,Little Group,5732,IN,MEDIUM
m_01523,"Sparks, Allen and Morgan",5541,SG,HIGH
m_01524,Smith-Phillips,5541,US,HIGH
m_01525,"Fletcher, Swanson and Simpson",5732,SG,HIGH
m_01526,Keller Group,5541,IN,HIGH
m_01527,Anderson Ltd,5812,DE,MEDIUM
m_01528,Wilson Ltd,5311,US,MEDIUM
m_01529,Newton Inc,5541,IN,HIGH
m_01530,Fry-Hunter,5812,SG,LOW
m_01531,Smith-Robinson,5311,US,MEDIUM
m_01532,Mosley-Wood,5311,GB,LOW
m_01533,Rodriguez Ltd,5732,GB,LOW
m_01534,Williams-Johnson,5541,US,LOW
m_01535,"Wilson, Morris and Montgomery",5311,DE,HIGH
m_01536,Baldwin-White,5411,DE,LOW
m_01537,"Gibson, Smith and Porter",5541,DE,MEDIUM
m_01538,Ballard-Wu,5311,DE,LOW
m_01539,Kelley-Graham,5411,DE,MEDIUM
m_01540,Eaton-Forbes,5411,IN,HIGH
m_01541,"Porter, Buchanan and Noble",5311,IN,MEDIUM
m_01542,Williams-Nguyen,5541,IN,HIGH
m_01543,Arnold-Tate,5541,SG,LOW
m_01544,Chung Ltd,5732,SG,HIGH
m_01545,"Hahn, Barr and Zuniga",5812,DE,HIGH
m_01546,Cross LLC,5732,IN,MEDIUM
m_01547,Duncan-Baxter,5311,GB,LOW
m_01548,Johnson-Huerta,5541,SG,HIGH
m_01549,Carlson PLC,5732,DE,MEDIUM
m_01550,Francis-Hammond,5411,US,LOW
m_01551,Navarro Group,5732,GB,LOW
m_01552,Martinez-Allen,5732,SG,HIGH
m_01553,"Cook, Fuentes and Ho",5732,IN,HIGH
m_01554,Matthews Ltd,5812,DE,LOW
m_01555,"Roberts, Ramos and Stephenson",5311,IN,LOW
m_01556,Walker-Jenkins,5541,US,MEDIUM
m_01557,Barry-Aguirre,5411,DE,LOW
m_01558,Grant PLC,5311,US,LOW
m_01559,"Benitez, Harris and Meyers",5732,IN,HIGH
m_01560,Ross-Klein,5411,SG,MEDIUM
m_01561,Williamson-Olsen,5311,DE,LOW
m_01562,Anderson Group,5541,SG,HIGH
m_01563,Poole-Brady,5311,IN,LOW
m_01564,Lee-Johnston,5411,SG,HIGH
m_01565,Paul-Curry,5541,DE,MEDIUM
m_01566,"Brown, Duran and Silva",5812,SG,HIGH
m_01567,Benitez-Weeks,5812,IN,LOW
m_01568,"Smith, Clark and Cook",5541,SG,MEDIUM
m_01569,Green and Sons,5541,DE,MEDIUM
m_01570,Good and Sons,5541,US,MEDIUM
m_01571,"Harvey, Rodriguez and Johnson",5311,GB,MEDIUM
m_01572,Martinez PLC,5311,US,MEDIUM
m_01573,"Romero, Davila and Clark",5311,SG,LOW
m_01574,"Macias, Stephenson and Howard",5541,GB,HIGH
m_01575,"Ortiz, Patterson and Lane",5541,GB,HIGH
m_01576,"Hendrix, Miller and Jones",5541,US,HIGH
m_01577,Cohen-Chapman,5812,SG,LOW
m_01578,"Salazar, Johnson and Valdez",5732,GB,HIGH
m_01579,Rodriguez and Sons,5812,US,HIGH
m_01580,"Pugh, Bennett and Rasmussen",5541,GB,HIGH
m_01581,Robinson-Allison,5411,GB,HIGH
m_01582,Acosta Inc,5311,SG,HIGH
m_01583,Gibbs Group,5311,SG,HIGH
m_01584,"Lang, Ramirez and Bennett",5311,IN,MEDIUM
m_01585,Chang Inc,5411,IN,HIGH
m_01586,Medina PLC,5812,IN,MEDIUM
m_01587,Everett PLC,5411,US,HIGH
m_01588,"Williams, Mclean and Greene",5812,GB,MEDIUM
m_01589,"Thornton, Olson and Ray",5732,US,HIGH
m_01590,"Martin, Hartman and Randolph",5732,US,LOW
m_01591,Russell LLC,5411,GB,HIGH
m_01592,Morgan LLC,5411,SG,MEDIUM
m_01593,Rivera Inc,5541,US,HIGH
m_01594,Pitts PLC,5541,DE,HIGH
m_01595,Nelson and Sons,5541,GB,LOW
m_01596,Owens-Hill,5411,DE,HIGH
m_01597,Wright-Conley,5311,GB,MEDIUM
m_01598,"Welch, Armstrong and Brown",5411,IN,HIGH
m_01599,Navarro Inc,5732,US,HIGH
m_01600,"Anderson, Bennett and Wilson",5311,US,HIGH
m_01601,Cantrell PLC,5732,SG,HIGH
m_01602,"Phillips, Torres and Young",5541,US,HIGH
m_01603,King Inc,5812,GB,HIGH
m_01604,Nelson LLC,5812,IN,MEDIUM
m_01605,"Forbes, Weiss and Conway",5812,SG,LOW
m_01606,Moses-Chang,5311,IN,LOW
m_01607,Hamilton Ltd,5732,SG,MEDIUM
m_01608,Johnson-Harris,5812,US,MEDIUM
m_01609,Reynolds LLC,5732,IN,HIGH
m_01610,Bond and Sons,5311,US,MEDIUM
m_01611,Perkins-Young,5812,GB,LOW
m_01612,"Hughes, Johnson and Silva",5411,SG,HIGH
m_01613,Lewis Group,5732,DE,HIGH
m_01614,Wood PLC,5541,GB,HIGH
m_01615,Boyd Inc,5732,SG,LOW
m_01616,"Holder, Russo and Macdonald",5812,SG,LOW
m_01617,Murray and Sons,5541,US,LOW
m_01618,Rhodes Group,5541,SG,MEDIUM
m_01619,"Wells, Woods and Wolf",5411,GB,MEDIUM
m_01620,Hughes-Brown,5812,GB,LOW
m_01621,Bradley PLC,5732,GB,MEDIUM
m_01622,Shelton-Murray,5541,SG,LOW
m_01623,Edwards PLC,5541,IN,MEDIUM
m_01624,"Boyd, Jimenez and Stewart",5732,DE,LOW
m_01625,Berry-Johnson,5541,SG,LOW
m_01626,Scott-Gonzalez,5411,GB,LOW
m_01627,Miller Ltd,5411,DE,MEDIUM
m_01628,May and Sons,5541,GB,MEDIUM
m_01629,Sullivan Ltd,5541,GB,LOW
m_01630,Harding and Sons,5541,DE,HIGH
m_01631,Liu-Cooper,5411,GB,MEDIUM
m_01632,Higgins-Green,5812,GB,HIGH
m_01633,"Holmes, Pena and Moses",5411,IN,HIGH
m_01634,"Jackson, Liu and Williams",5541,SG,LOW
m_01635,Fernandez-Clark,5411,US,LOW
m_01636,"Rodriguez, Mueller and Zavala",5812,DE,HIGH
m_01637,Rose-Lopez,5812,SG,LOW
m_01638,Aguilar Inc,5311,IN,HIGH
m_01639,Mcdonald-Sims,5812,IN,HIGH
m_01640,Santos Ltd,5732,IN,MEDIUM
m_01641,"Benson, Schwartz and Lucas",5411,IN,LOW
m_01642,Brewer LLC,5732,SG,LOW
m_01643,Barber and Sons,5541,US,LOW
m_01644,Webb-Fitzgerald,5311,DE,MEDIUM
m_01645,Davis-Murray,5311,DE,MEDIUM
m_01646,"Jackson, Frey and Rasmussen",5411,DE,MEDIUM
m_01647,Jones-Morgan,5411,SG,HIGH
m_01648,"Gray, Mccoy and Hobbs",5541,IN,LOW
m_01649,Ponce-Jackson,5541,IN,HIGH
m_01650,"Anderson, Serrano and Massey",5411,GB,HIGH
m_01651,Hall-Montgomery,5411,GB,HIGH
m_01652,Cooper-Bell,5732,SG,HIGH
m_01653,Harris-Bray,5732,DE,LOW
m_01654,Davis Inc,5311,IN,MEDIUM
m_01655,Cole PLC,5812,SG,MEDIUM
m_01656,Barrett Group,5812,DE,LOW
m_01657,Luna LLC,5732,US,HIGH
m_01658,Figueroa-Gay,5732,IN,MEDIUM
m_01659,Bonilla Group,5541,US,HIGH
m_01660,Myers PLC,5411,IN,LOW
m_01661,Perry-Clark,5541,DE,HIGH
m_01662,Anderson-Smith,5541,IN,HIGH
m_01663,Ferguson LLC,5812,GB,MEDIUM
m_01664,"Molina, Reynolds and Weeks",5311,SG,LOW
m_01665,Lee and Sons,5812,US,LOW
m_01666,Rocha PLC,5541,GB,LOW
m_01667,Galloway-Bowers,5411,US,LOW
m_01668,"Henderson, Washington and Cooke",5541,IN,HIGH
m_01669,"Lopez, Evans and Nelson",5311,SG,HIGH
m_01670,"Riley, Craig and English",5732,IN,LOW
m_01671,Clark LLC,5411,US,MEDIUM
m_01672,Mitchell-Decker,5541,DE,HIGH
m_01673,"Jennings, Mckay and Drake",5732,US,MEDIUM
m_01674,Johns LLC,5812,IN,HIGH
m_01675,Bailey LLC,5541,IN,MEDIUM
m_01676,Lopez Ltd,5732,DE,LOW
m_01677,Woodward Inc,5732,SG,MEDIUM
m_01678,"Benjamin, King and Hardy",5732,SG,HIGH
m_01679,Archer-Williams,5541,SG,LOW
m_01680,"Lee, Miller and Hickman",5732,DE,MEDIUM
m_01681,Lucas-Russell,5411,GB,LOW
m_01682,Weeks Inc,5812,DE,LOW
m_01683,"Wilson, Anderson and Villarreal",5732,US,MEDIUM
m_01684,Reeves Ltd,5732,DE,HIGH
m_01685,Anderson-Howard,5311,GB,MEDIUM
m_01686,"Guzman, Bates and White",5311,SG,MEDIUM
m_01687,Hodges and Sons,5812,SG,LOW
m_01688,Medina Inc,5732,US,LOW
m_01689,"Hodge, Bailey and Williams",5812,GB,HIGH
m_01690,Collins Ltd,5411,IN,HIGH
m_01691,Kelley Ltd,5541,IN,LOW
m_01692,Mcgee-Nelson,5541,DE,HIGH
m_01693,"Parker, Oliver and Bailey",5812,IN,HIGH
m_01694,"Smith, Martin and Morrow",5732,SG,HIGH
m_01695,Frederick PLC,5311,US,HIGH
m_01696,Jones Group,5311,US,MEDIUM
m_01697,Garrett PLC,5732,US,HIGH
m_01698,Henry-Case,5541,SG,MEDIUM
m_01699,Ross LLC,5311,GB,LOW
m_01700,Brown-Jordan,5411,US,HIGH
m_01701,Allen LLC,5812,SG,HIGH
m_01702,"Fuller, Osborn and Galvan",5311,US,LOW
m_01703,Carter-Young,5541,SG,LOW
m_01704,Rowe Ltd,5812,DE,HIGH
m_01705,Frey Inc,5411,US,MEDIUM
m_01706,Rivas-Miller,5812,IN,MEDIUM
m_01707,"Keith, Rocha and Riley",5732,US,MEDIUM
m_01708,Hess LLC,5812,SG,LOW
m_01709,Rice and Sons,5311,DE,MEDIUM
m_01710,"Faulkner, Barton and Avila",5411,IN,MEDIUM
m_01711,Johnson-Lindsey,5732,IN,HIGH
m_01712,"Moore, Watson and Rosales",5541,GB,HIGH
m_01713,Payne PLC,5732,SG,HIGH
m_01714,"Price, Hale and Brown",5541,US,HIGH
m_01715,"Jones, Kent and Jones",5311,GB,MEDIUM
m_01716,Gardner and Sons,5411,SG,HIGH
m_01717,Padilla-Stevens,5311,US,MEDIUM
m_01718,Weiss Inc,5311,GB,HIGH
m_01719,Fields Ltd,5311,DE,MEDIUM
m_01720,"Campbell, Santos and Miller",5411,SG,HIGH
m_01721,Parker-Gomez,5311,US,LOW
m_01722,Morton-Hill,5411,SG,LOW
m_01723,Tanner-Webster,5732,US,HIGH
m_01724,"Miller, Spears and Thomas",5812,US,LOW
m_01725,Francis Inc,5541,IN,MEDIUM
m_01726,Stuart-Stone,5812,DE,HIGH
m_01727,"Jones, Lopez and Sanders",5411,DE,MEDIUM
m_01728,Wood-Dunlap,5311,DE,HIGH
m_01729,Rocha-Wilson,5541,US,LOW
m_01730,Hall Inc,5311,IN,HIGH
m_01731,Moore Group,5411,US,LOW
m_01732,Barnes Ltd,5541,US,HIGH
m_01733,"Harris, Velez and Harvey",5541,IN,LOW
m_01734,Dickerson Ltd,5812,IN,HIGH
m_01735,Flores PLC,5732,US,LOW
m_01736,Gray Inc,5311,SG,HIGH
m_01737,Dyer-Moore,5411,GB,HIGH
m_01738,Caldwell Inc,5812,DE,LOW
m_01739,Dorsey PLC,5311,DE,HIGH
m_01740,"Matthews, Williams and Williams",5812,DE,LOW
m_01741,Smith Group,5812,SG,HIGH
m_01742,"Sharp, Clayton and Sweeney",5541,SG,LOW
m_01743,Montes-Mitchell,5812,GB,MEDIUM
m_01744,Miller-Allen,5541,SG,MEDIUM
m_01745,"Evans, Brown and Harrington",5812,DE,LOW
m_01746,"Little, Gomez and Fisher",5812,IN,MEDIUM
m_01747,Bell PLC,5812,SG,LOW
m_01748,Greene-Nash,5311,US,HIGH
m_01749,"Ramirez, Brennan and Henderson",5411,US,HIGH
m_01750,Barber Group,5541,SG,MEDIUM
m_01751,Johnson-Munoz,5541,SG,LOW
m_01752,Adams-Sanchez,5411,DE,LOW
m_01753,"Craig, Green and Berry",5812,SG,HIGH
m_01754,Bullock-Johnson,5411,DE,HIGH
m_01755,Mason-Ortiz,5311,GB,HIGH
m_01756,"Martinez, Brown and Bennett",5541,DE,LOW
m_01757,Carter-Bernard,5311,DE,LOW
m_01758,"Santos, Walker and Jennings",5541,SG,MEDIUM
m_01759,Smith-Fisher,5311,US,LOW
m_01760,"Meyer, Cohen and Kelley",5311,US,MEDIUM
m_01761,Murphy-Armstrong,5732,SG,LOW
m_01762,"Johnson, Mathews and Craig",5311,GB,HIGH
m_01763,Hunt-Bates,5411,IN,LOW
m_01764,Marshall-Ellis,5541,IN,HIGH
m_01765,Hughes-Parks,5411,DE,HIGH
m_01766,Harrison LLC,5812,GB,HIGH
m_01767,"Fox, Rose and Walker",5732,IN,MEDIUM
m_01768,Davis LLC,5311,SG,LOW
m_01769,Andersen-Johnston,5732,SG,MEDIUM
m_01770,"Cruz, Summers and Lam",5541,GB,MEDIUM
m_01771,Shaffer-Castro,5732,DE,HIGH
m_01772,Garcia-Macias,5311,SG,LOW
m_01773,"Gordon, Powell and Morgan",5311,US,HIGH
m_01774,Spencer Group,5541,SG,MEDIUM
m_01775,Wagner-Page,5732,GB,MEDIUM
m_01776,Davis-Simmons,5732,DE,HIGH
m_01777,Mcdonald Inc,5812,IN,HIGH
m_01778,Smith-Hunt,5812,DE,HIGH
m_01779,"Armstrong, Mendez and Hammond",5812,IN,HIGH
m_01780,King PLC,5541,DE,LOW
m_01781,Evans Ltd,5541,SG,MEDIUM
m_01782,Morales Ltd,5411,US,HIGH
m_01783,"Finley, Goodwin and Morton",5411,IN,MEDIUM
m_01784,Smith PLC,5311,SG,LOW
m_01785,"Wilkinson, Brock and Fisher",5411,IN,MEDIUM
m_01786,"Rodriguez, Martin and Johnson",5812,GB,MEDIUM
m_01787,Hunt-Yoder,5541,IN,LOW
m_01788,"Ellis, Oliver and Caldwell",5311,DE,HIGH
m_01789,David Ltd,5541,GB,HIGH
m_01790,Lucas-Armstrong,5541,IN,HIGH
m_01791,Perkins LLC,5311,DE,LOW
m_01792,"Simpson, Johnson and Palmer",5812,SG,LOW
m_01793,Green-Drake,5812,IN,MEDIUM
m_01794,Reynolds Ltd,5541,SG,HIGH
m_01795,"Long, Downs and Warren",5812,SG,HIGH
m_01796,Lopez-Richards,5411,GB,LOW
m_01797,"Moore, Vega and Williams",5411,US,LOW
m_01798,Webb PLC,5732,DE,LOW
m_01799,Davis Inc,5311,DE,MEDIUM
m_01800,Simpson Ltd,5812,SG,HIGH
m_01801,Lewis-Lara,5411,IN,LOW
m_01802,"Singleton, Fields and Mata",5732,SG,HIGH
m_01803,Moore Group,5732,GB,HIGH
m_01804,Harris Inc,5812,SG,MEDIUM
m_01805,"Johnson, Coleman and Jones",5311,DE,LOW
m_01806,Williams-Benson,5411,GB,HIGH
m_01807,Warner Inc,5311,SG,LOW
m_01808,Bernard Group,5541,IN,LOW
m_01809,Patterson-Castro,5732,GB,HIGH
m_01810,Williams-Horn,5541,GB,LOW
m_01811,Mcfarland Group,5541,GB,HIGH
m_01812,Parker-Monroe,5311,DE,HIGH
m_01813,Torres-Thompson,5311,US,HIGH
m_01814,Wise-Lopez,5311,DE,MEDIUM
m_01815,Bush-Roberts,5411,DE,HIGH
m_01816,Oneal Group,5732,IN,LOW
m_01817,Freeman Inc,5812,US,MEDIUM
m_01818,Gill PLC,5311,GB,MEDIUM
m_01819,"Kaufman, Stone and Doyle",5541,IN,HIGH
m_01820,Powell-Hall,5732,US,HIGH
m_01821,"Graham, Sharp and Moore",5411,DE,MEDIUM
m_01822,Martinez Group,5732,IN,HIGH
m_01823,"Bauer, Smith and Scott",5812,DE,HIGH
m_01824,"Norman, Rose and Bell",5732,US,MEDIUM
m_01825,"Davidson, Chavez and Neal",5732,US,HIGH
m_01826,Russell-Johnson,5812,DE,HIGH
m_01827,Patrick-Salinas,5812,US,HIGH
m_01828,"Jenkins, Byrd and Love",5812,GB,HIGH
m_01829,Bernard Inc,5812,US,LOW
m_01830,Price-Navarro,5541,GB,LOW
m_01831,Torres PLC,5411,IN,LOW
m_01832,"Lindsey, Ellis and Morales",5311,SG,LOW
m_01833,"Gray, Evans and Moore",5541,IN,LOW
m_01834,Clark and Sons,5732,SG,MEDIUM
m_01835,"Whitehead, Jones and Riddle",5311,SG,MEDIUM
m_01836,Taylor-Terrell,5311,US,MEDIUM
m_01837,Medina Inc,5732,DE,HIGH
m_01838,"Simmons, Hart and Davis",5541,US,LOW
m_01839,Hale PLC,5541,DE,LOW
m_01840,Price-Warren,5541,IN,MEDIUM
m_01841,"Allen, Rodriguez and Clark",5732,DE,HIGH
m_01842,Robinson-Torres,5812,DE,HIGH
m_01843,Jackson-Jenkins,5541,DE,LOW
m_01844,Coleman-Maldonado,5411,IN,MEDIUM
m_01845,Nelson Group,5812,DE,HIGH
m_01846,"Patton, Bush and Allen",5411,GB,HIGH
m_01847,Ortiz-Lee,5541,GB,MEDIUM
m_01848,"Gonzalez, Taylor and Davila",5541,GB,LOW
m_01849,Smith and Sons,5732,DE,LOW
m_01850,"Grant, Rodriguez and Finley",5732,GB,HIGH
m_01851,"Chandler, Parsons and Miller",5311,DE,LOW
m_01852,Day-Alvarez,5311,GB,LOW
m_01853,"Shannon, West and Thomas",5311,GB,MEDIUM
m_01854,"Taylor, Walters and Kim",5812,SG,MEDIUM
m_01855,Gillespie LLC,5541,US,LOW
m_01856,Mitchell Ltd,5732,US,LOW
m_01857,Brown-Mullins,5311,DE,HIGH
m_01858,Morton-Kennedy,5812,US,LOW
m_01859,"Davis, Hurst and Perez",5411,US,MEDIUM
m_01860,Garcia and Sons,5311,US,MEDIUM
m_01861,"Mercer, Landry and Norman",5541,SG,HIGH
m_01862,"Saunders, Jordan and Day",5732,DE,HIGH
m_01863,"Bond, Pham and Ware",5732,SG,MEDIUM
m_01864,"Hammond, Smith and Mack",5411,DE,HIGH
m_01865,May PLC,5812,IN,LOW
m_01866,Cook Ltd,5732,DE,LOW
m_01867,Humphrey-Reed,5411,DE,HIGH
m_01868,Harris-Terry,5732,GB,HIGH
m_01869,Ford and Sons,5732,SG,MEDIUM
m_01870,King and Sons,5732,GB,HIGH
m_01871,Grant-Hubbard,5311,IN,LOW
m_01872,Gibbs-Price,5541,US,MEDIUM
m_01873,Willis-Powers,5541,SG,HIGH
m_01874,Clark-Cisneros,5732,GB,LOW
m_01875,"Chen, Lambert and Scott",5541,DE,MEDIUM
m_01876,"Curtis, Glover and Smith",5311,IN,HIGH
m_01877,Miller-Hernandez,5541,GB,MEDIUM
m_01878,Kidd and Sons,5812,US,MEDIUM
m_01879,Wood-Johnson,5732,DE,HIGH
m_01880,Hill-Whitaker,5541,SG,HIGH
m_01881,"Barrett, Hines and Pollard",5411,IN,MEDIUM
m_01882,"Hart, Willis and Bell",5732,US,LOW
m_01883,"Smith, Ford and Jackson",5732,GB,MEDIUM
m_01884,Brown Group,5732,SG,HIGH
m_01885,Mitchell PLC,5311,GB,HIGH
m_01886,Anderson and Sons,5732,SG,MEDIUM
m_01887,Stone-Maxwell,5311,DE,HIGH
m_01888,Bautista-Anderson,5812,IN,LOW
m_01889,"Zamora, Cunningham and Clay",5812,GB,LOW
m_01890,Hobbs LLC,5411,US,HIGH
m_01891,Murphy PLC,5311,IN,LOW
m_01892,"Flores, Winters and Johnson",5411,DE,LOW
m_01893,Martin-Hernandez,5411,IN,HIGH
m_01894,"Mathews, Baker and Sellers",5541,IN,MEDIUM
m_01895,Rojas-Bentley,5732,SG,LOW
m_01896,"Grimes, Smith and Goodman",5411,DE,LOW
m_01897,Chambers-Hamilton,5812,US,MEDIUM
m_01898,Weaver-Flores,5732,DE,HIGH
m_01899,Greer-Tucker,5812,US,HIGH
m_01900,Torres-Richardson,5812,IN,HIGH
m_01901,Rios-Allen,5732,GB,LOW
m_01902,Johnson-Edwards,5311,SG,MEDIUM
m_01903,Jacobs-Reyes,5541,DE,MEDIUM
m_01904,White-Jones,5541,US,LOW
m_01905,"Powell, Davis and Ward",5541,DE,HIGH
m_01906,Anderson-Gross,5541,DE,HIGH
m_01907,Hart and Sons,5541,GB,HIGH
m_01908,"Mcdowell, Gamble and Sweeney",5311,SG,MEDIUM
m_01909,Smith LLC,5411,DE,LOW
m_01910,"Waller, Goodwin and Carroll",5732,DE,MEDIUM
m_01911,"Martinez, Kim and Arnold",5812,GB,MEDIUM
m_01912,"Johnson, Campbell and Morgan",5411,SG,LOW
m_01913,Livingston-Davis,5732,GB,LOW
m_01914,Harris-Miller,5541,IN,MEDIUM
m_01915,Lee-Small,5311,DE,HIGH
m_01916,"Munoz, Nelson and Thomas",5411,DE,MEDIUM
m_01917,"Edwards, Yoder and Tucker",5541,US,MEDIUM
m_01918,Wise LLC,5541,GB,LOW
m_01919,Randall-Craig,5311,SG,LOW
m_01920,"Hopkins, Gomez and Page",5311,US,MEDIUM
m_01921,Watson-Lawson,5311,DE,LOW
m_01922,Meyer-Jones,5732,IN,LOW
m_01923,Castillo LLC,5812,SG,MEDIUM
m_01924,Gillespie-Hall,5732,GB,HIGH
m_01925,"Werner, Gonzales and Rosario",5541,GB,HIGH
m_01926,Campos-Brown,5812,IN,MEDIUM
m_01927,Wong-Barrett,5812,GB,LOW
m_01928,"Humphrey, Sims and Gomez",5311,SG,LOW
m_01929,Williams and Sons,5732,SG,MEDIUM
m_01930,Anderson LLC,5812,GB,MEDIUM
m_01931,Monroe Inc,5812,IN,LOW
m_01932,West-Wallace,5411,US,HIGH
m_01933,Anderson-Williams,5732,GB,LOW
m_01934,Ferguson-Palmer,5311,IN,LOW
m_01935,"Nelson, Castaneda and Watson",5411,US,LOW
m_01936,Esparza Inc,5311,US,LOW
m_01937,James Ltd,5311,GB,MEDIUM
m_01938,Anderson PLC,5732,DE,MEDIUM
m_01939,Graham-Ashley,5411,GB,HIGH
m_01940,Ryan Group,5812,IN,LOW
m_01941,"Parrish, Frederick and Cruz",5311,IN,MEDIUM
m_01942,"Gomez, Scott and Williams",5311,US,HIGH
m_01943,Hensley-Pacheco,5732,DE,LOW
m_01944,Joseph and Sons,5411,US,LOW
m_01945,"Fischer, Wright and Turner",5311,US,MEDIUM
m_01946,Hunt-Mccoy,5411,US,HIGH
m_01947,Silva-Hamilton,5411,SG,MEDIUM
m_01948,Richards Ltd,5812,DE,HIGH
m_01949,Parker-Schultz,5732,GB,MEDIUM
m_01950,Cordova-Miranda,5411,SG,LOW
m_01951,"Davis, Banks and Cook",5411,GB,HIGH
m_01952,"Mcpherson, Schneider and Long",5732,US,MEDIUM
m_01953,Everett-Gomez,5411,US,MEDIUM
m_01954,Blackburn-Day,5812,DE,LOW
m_01955,"Wilson, Mckay and Brown",5411,US,MEDIUM
m_01956,"Black, Sullivan and Bailey",5541,IN,MEDIUM
m_01957,Lewis PLC,5812,IN,MEDIUM
m_01958,Wallace-Castillo,5541,DE,LOW
m_01959,Roth-Pope,5541,US,HIGH
m_01960,"Green, Robles and Campbell",5411,US,MEDIUM
m_01961,Park Inc,5311,IN,LOW
m_01962,Walker-Hayes,5541,GB,HIGH
m_01963,Rivera PLC,5411,IN,HIGH
m_01964,Maldonado Inc,5812,SG,MEDIUM
m_01965,"Garcia, Owens and Mcfarland",5812,DE,LOW
m_01966,Bowen-Johnston,5732,SG,LOW
m_01967,Estrada and Sons,5732,DE,HIGH
m_01968,"Hopkins, Hamilton and Mcclure",5812,IN,HIGH
m_01969,Evans LLC,5311,GB,HIGH
m_01970,Richards-Brown,5812,GB,HIGH
m_01971,"Vaughan, Thomas and Wise",5311,DE,LOW
m_01972,"Smith, Charles and Davis",5732,SG,HIGH
m_01973,Bryant LLC,5311,US,HIGH
m_01974,Harvey-Mcdaniel,5812,SG,HIGH
m_01975,Walker Inc,5732,DE,MEDIUM
m_01976,Miller-Johnson,5541,SG,MEDIUM
m_01977,Harris-Franklin,5411,SG,LOW
m_01978,Martin PLC,5311,GB,LOW
m_01979,Banks Inc,5541,GB,MEDIUM
m_01980,Ramos-Holloway,5411,SG,MEDIUM
m_01981,"Robertson, Scott and Rodriguez",5812,IN,MEDIUM
m_01982,Hawkins-Bennett,5732,SG,HIGH
m_01983,Short-Powers,5732,IN,LOW
m_01984,"Tate, Brown and Garcia",5541,DE,HIGH
m_01985,"George, Carpenter and Simon",5541,DE,LOW
m_01986,"Andrews, Johnson and Fitzgerald",5812,SG,HIGH
m_01987,"Campbell, Harris and Holder",5732,DE,MEDIUM
m_01988,Morales LLC,5732,IN,HIGH
m_01989,Collins LLC,5541,IN,LOW
m_01990,"Adams, Bray and Curtis",5812,US,LOW
m_01991,Payne-Holmes,5812,IN,LOW
m_01992,Davis Inc,5812,IN,MEDIUM
m_01993,"Berry, May and Mills",5541,DE,LOW
m_01994,Frost LLC,5311,SG,HIGH
m_01995,Martinez and Sons,5541,GB,HIGH
m_01996,"Jackson, Hester and Richards",5732,US,LOW
m_01997,"Mills, Jimenez and Reeves",5411,IN,HIGH
m_01998,Garcia-Johnson,5311,IN,LOW
m_01999,Hayes and Sons,5411,GB,MEDIUM
